,condition,trial,phase,su_prev,emv,delta_emv,movement_error,movement_error_prev,rotation
0,blocked,3,1.0,0.0,-2.0444861906926093,-0.19392187199433408,-2.0444861906926093,-1.8505643186982752,0.0
1,blocked,4,1.0,26.78,0.5740287510230644,2.6185149417156737,0.5740287510230644,-2.0444861906926093,0.0
2,blocked,5,1.0,0.0,4.58502170196455,4.0109929509414854,4.58502170196455,0.5740287510230644,0.0
3,blocked,6,1.0,0.0,-0.0450626830062788,-4.630084384970829,-0.0450626830062788,4.58502170196455,0.0
4,blocked,7,1.0,26.78,-0.8043251527187181,-0.7592624697124393,-0.8043251527187181,-0.0450626830062788,0.0
5,blocked,8,1.0,0.0,1.4756733347540631,2.279998487472781,1.4756733347540631,-0.8043251527187181,0.0
6,blocked,9,1.0,0.0,1.2014633505447563,-0.27420998420930687,1.2014633505447563,1.4756733347540631,0.0
7,blocked,10,1.0,26.78,1.5367378202994786,0.3352744697547223,1.5367378202994786,1.2014633505447563,0.0
8,blocked,11,1.0,0.0,1.9673355041027776,0.430597683803299,1.9673355041027776,1.5367378202994786,0.0
9,blocked,12,1.0,0.0,0.14639603335257334,-1.8209394707502042,0.14639603335257334,1.9673355041027776,0.0
10,blocked,13,1.0,0.0,4.204896685546089,4.058500652193516,4.204896685546089,0.14639603335257334,0.0
11,blocked,14,1.0,26.78,-0.49218721160039536,-4.697083897146484,-0.49218721160039536,4.204896685546089,0.0
12,blocked,15,1.0,26.78,0.8228356296927615,1.3150228412931568,0.8228356296927615,-0.49218721160039536,0.0
13,blocked,16,1.0,26.78,1.1739572185737899,0.3511215888810284,1.1739572185737899,0.8228356296927615,0.0
14,blocked,17,1.0,0.0,0.35123359193522674,-0.8227236266385631,0.35123359193522674,1.1739572185737899,0.0
15,blocked,18,1.0,0.0,1.040309313188743,0.6890757212535163,1.040309313188743,0.35123359193522674,0.0
16,blocked,19,1.0,26.78,1.7855329738775225,0.7452236606887794,1.7855329738775225,1.040309313188743,0.0
17,blocked,20,1.0,0.0,0.3958231931871694,-1.3897097806903531,0.3958231931871694,1.7855329738775225,0.0
18,blocked,21,1.0,0.0,0.41347511825586025,0.017651925068690844,0.41347511825586025,0.3958231931871694,0.0
19,blocked,22,1.0,0.0,0.1870541492266966,-0.22642096902916364,0.1870541492266966,0.41347511825586025,0.0
20,blocked,23,1.0,0.0,-0.004616487730942254,-0.19167063695763886,-0.004616487730942254,0.1870541492266966,0.0
21,blocked,24,1.0,0.0,-0.44495649605272547,-0.4403400083217832,-0.44495649605272547,-0.004616487730942254,0.0
22,blocked,25,1.0,0.0,-1.0772267099415416,-0.6322702138888161,-1.0772267099415416,-0.44495649605272547,0.0
23,blocked,26,1.0,0.0,1.4961718436231308,2.5733985535646724,1.4961718436231308,-1.0772267099415416,0.0
24,blocked,27,1.0,26.78,-0.280057431091322,-1.7762292747144528,-0.280057431091322,1.4961718436231308,0.0
25,blocked,28,1.0,0.0,1.1269515215550854,1.4070089526464074,1.1269515215550854,-0.280057431091322,0.0
26,blocked,29,1.0,0.0,1.4127419401624195,0.2857904186073341,1.4127419401624195,1.1269515215550854,0.0
27,blocked,30,1.0,26.78,-0.20020413679552007,-1.6129460769579396,-29.99400948359833,1.4127419401624195,29.79380534680281
28,blocked,31,2.0,0.0,-5.355409061575315,-5.155204924779795,-35.14921440837813,-29.99400948359833,29.79380534680281
29,blocked,32,2.0,0.0,-10.430099352566216,-5.074690290990901,-40.22390469936903,-35.14921440837813,29.79380534680281
30,blocked,33,2.0,0.0,-1.9915149319886893,8.438584420577527,-31.7853202787915,-40.22390469936903,29.79380534680281
31,blocked,34,2.0,0.0,-1.107582336085855,0.8839325959028344,-30.901387682888664,-31.7853202787915,29.79380534680281
32,blocked,35,2.0,0.0,-0.7085946836710377,0.39898765241481726,-30.502400030473847,-30.901387682888664,29.79380534680281
33,blocked,36,2.0,0.0,0.5775274676158944,1.286122151286932,-29.216277879186915,-30.502400030473847,29.79380534680281
34,blocked,37,2.0,0.0,-0.9056638164090458,-1.4831912840249402,-30.699469163211855,-29.216277879186915,29.79380534680281
35,blocked,38,2.0,0.0,1.0398163311640474,1.9454801475730932,-28.753989015638762,-30.699469163211855,29.79380534680281
36,blocked,39,2.0,0.0,-0.20053666949394255,-1.24035300065799,-29.994342016296752,-28.753989015638762,29.79380534680281
37,blocked,40,2.0,0.0,0.3952804115678106,0.5958170810617531,-29.398524935235,-29.994342016296752,29.79380534680281
38,blocked,41,2.0,0.0,-3.200187456071788,-3.5954678676395986,-32.9939928028746,-29.398524935235,29.79380534680281
39,blocked,42,2.0,0.0,-0.08071746704429472,3.1194699890274933,-29.874522813847104,-32.9939928028746,29.79380534680281
40,blocked,43,2.0,0.0,0.31419073744585546,0.3949082044901502,-29.479614609356954,-29.874522813847104,29.79380534680281
41,blocked,44,2.0,0.0,0.44901403376708515,0.1348232963212297,-29.344791313035724,-29.479614609356954,29.79380534680281
42,blocked,45,2.0,0.0,-2.6034157258439308,-3.052429759611016,-32.397221072646744,-29.344791313035724,29.79380534680281
43,blocked,46,2.0,0.0,0.7153292003866625,3.3187449262305933,-29.078476146416147,-32.397221072646744,29.79380534680281
44,blocked,47,2.0,0.0,0.08633833491832377,-0.6289908654683387,-29.707467011884486,-29.078476146416147,29.79380534680281
45,blocked,48,2.0,0.0,-3.1947984260975915,-3.2811367610159152,-32.988603772900404,-29.707467011884486,29.79380534680281
46,blocked,49,2.0,0.0,-0.8953385353250667,2.2994598907725248,-30.689143882127876,-32.988603772900404,29.79380534680281
47,blocked,50,2.0,0.0,-0.16952390461234756,0.7258146307127191,-29.963329251415157,-30.689143882127876,29.79380534680281
48,blocked,51,2.0,0.0,-0.8665198779436025,-0.696995973331255,-30.660325224746412,-29.963329251415157,29.79380534680281
49,blocked,52,2.0,0.0,0.13688146247105237,1.003401340414655,-29.656923884331757,-30.660325224746412,29.79380534680281
50,blocked,53,2.0,0.0,-1.7788650703379147,-1.9157465328089671,-31.572670417140724,-29.656923884331757,29.79380534680281
51,blocked,54,2.0,0.0,-1.798212163618345,-0.019347093280430272,-31.592017510421154,-31.572670417140724,29.79380534680281
52,blocked,55,2.0,0.0,-2.3062519698101056,-0.5080398061917606,-32.10005731661292,-31.592017510421154,29.79380534680281
53,blocked,56,2.0,0.0,-1.4566814075032681,0.8495705623068375,-31.250486754306078,-32.10005731661292,29.79380534680281
54,blocked,57,2.0,0.0,-4.810407169193127,-3.3537257616898586,-34.60421251599594,-31.250486754306078,29.79380534680281
55,blocked,58,2.0,0.0,-1.5465693941052763,3.2638377750878504,-31.340374740908086,-34.60421251599594,29.79380534680281
56,blocked,59,2.0,0.0,-4.669452453652539,-3.122883059547263,-34.46325780045535,-31.340374740908086,29.79380534680281
57,blocked,60,2.0,0.0,-2.701401367605996,1.9680510860465432,-32.49520671440881,-34.46325780045535,29.79380534680281
58,blocked,61,2.0,0.0,-1.566123182161249,1.1352781854447471,-31.35992852896406,-32.49520671440881,29.79380534680281
59,blocked,62,2.0,0.0,-0.6453192267834993,0.9208039553777496,-30.43912457358631,-31.35992852896406,29.79380534680281
60,blocked,63,2.0,0.0,-2.1462355600894227,-1.5009163333059234,-31.940040906892232,-30.43912457358631,29.79380534680281
61,blocked,64,2.0,0.0,-1.3997335477672834,0.7465020123221393,-31.193538894570093,-31.940040906892232,29.79380534680281
62,blocked,65,2.0,0.0,-0.6174849176720301,0.7822486300952534,-30.41129026447484,-31.193538894570093,29.79380534680281
63,blocked,66,2.0,0.0,-0.8693236131526589,-0.25183869548062887,-30.66312895995547,-30.41129026447484,29.79380534680281
64,blocked,67,2.0,0.0,-1.3299726382121833,-0.4606490250595243,-31.123777985014993,-30.66312895995547,29.79380534680281
65,blocked,68,2.0,0.0,-1.797803401784904,-0.4678307635727208,-31.591608748587714,-31.123777985014993,29.79380534680281
66,blocked,69,2.0,0.0,-2.355290303638114,-0.5574869018532098,-32.14909565044093,-31.591608748587714,29.79380534680281
67,blocked,70,2.0,0.0,-2.161353424771008,0.1939368788671061,-31.955158771573817,-32.14909565044093,29.79380534680281
68,blocked,71,2.0,0.0,-2.9100490896117037,-0.7486956648406959,-32.70385443641452,-31.955158771573817,29.79380534680281
69,blocked,72,2.0,0.0,-2.3851933760641373,0.5248557135475664,-32.17899872286695,-32.70385443641452,29.79380534680281
70,blocked,73,2.0,0.0,-1.2561822833126257,1.1290110927515116,-31.049987630115435,-32.17899872286695,29.79380534680281
71,blocked,74,2.0,0.0,0.7098109794834357,1.9659932627960615,-29.083994367319374,-31.049987630115435,29.79380534680281
72,blocked,75,2.0,0.0,-2.4858639661913884,-3.195674945674824,-32.2796693129942,-29.083994367319374,29.79380534680281
73,blocked,76,2.0,0.0,-1.4779687491823381,1.0078952170090503,-31.271774095985148,-32.2796693129942,29.79380534680281
74,blocked,77,2.0,0.0,-3.8748174269938573,-2.3968486778115192,-33.66862277379667,-31.271774095985148,29.79380534680281
75,blocked,78,2.0,0.0,-4.526434507073986,-0.6516170800801291,-34.3202398538768,-33.66862277379667,29.79380534680281
76,blocked,79,2.0,0.0,-1.2991150533703433,3.227319453703643,-31.092920400173153,-34.3202398538768,29.79380534680281
77,blocked,80,2.0,0.0,-1.9155276596476796,-0.6164126062773363,-31.70933300645049,-31.092920400173153,29.79380534680281
78,blocked,81,2.0,0.0,-0.07781375413638614,1.8377139055112934,-29.871619100939196,-31.70933300645049,29.79380534680281
79,blocked,82,2.0,0.0,-2.0285279619736656,-1.9507142078372794,-31.822333308776475,-29.871619100939196,29.79380534680281
80,blocked,83,2.0,0.0,-2.3759561880230535,-0.34742822604938794,-32.16976153482587,-31.822333308776475,29.79380534680281
81,blocked,84,2.0,0.0,-2.978639980332389,-0.6026837923093353,-32.7724453271352,-32.16976153482587,29.79380534680281
82,blocked,85,2.0,0.0,-0.6407854692580344,2.3378545110743545,-30.434590816060844,-32.7724453271352,29.79380534680281
83,blocked,86,2.0,0.0,-4.372212424659509,-3.7314269554014743,-34.16601777146232,-30.434590816060844,29.79380534680281
84,blocked,87,2.0,0.0,-0.9868777066648988,3.38533471799461,-30.78068305346771,-34.16601777146232,29.79380534680281
85,blocked,88,2.0,0.0,-0.5474679129944491,0.43940979367044974,-30.34127325979726,-30.78068305346771,29.79380534680281
86,blocked,89,2.0,0.0,-3.2028308752286563,-2.655362962234207,-32.99663622203147,-30.34127325979726,29.79380534680281
87,blocked,90,2.0,0.0,-7.092810698594349,-3.8899798233656924,-36.88661604539716,-32.99663622203147,29.79380534680281
88,blocked,91,2.0,0.0,-1.1036774062494317,5.989133292344917,-30.89748275305224,-36.88661604539716,29.79380534680281
89,blocked,92,2.0,0.0,-2.4906531184215197,-1.386975712172088,-32.28445846522433,-30.89748275305224,29.79380534680281
90,blocked,93,2.0,0.0,-1.8832972909942214,0.6073558274272983,-31.67710263779703,-32.28445846522433,29.79380534680281
91,blocked,94,2.0,0.0,-1.2737851136112255,0.6095121773829959,-31.067590460414035,-31.67710263779703,29.79380534680281
92,blocked,95,2.0,0.0,-1.552343077399044,-0.2785579637878186,-31.346148424201854,-31.067590460414035,29.79380534680281
93,blocked,96,2.0,0.0,-2.5904113873288708,-1.0380683099298267,-32.384216734131684,-31.346148424201854,29.79380534680281
94,blocked,97,2.0,0.0,2.029460449842844,4.619871837171715,-27.764344896959965,-32.384216734131684,29.79380534680281
95,blocked,98,2.0,0.0,-1.099460217468021,-3.128920667310865,-30.89326556427083,-27.764344896959965,29.79380534680281
96,blocked,99,2.0,0.0,-1.9232400457010073,-0.8237798282329862,-31.717045392503817,-30.89326556427083,29.79380534680281
97,blocked,100,2.0,0.0,0.3912548595979928,2.314494905299,-29.402550487204817,-31.717045392503817,29.79380534680281
98,blocked,101,2.0,0.0,-0.656808941911919,-1.0480638015099117,-30.45061428871473,-29.402550487204817,29.79380534680281
99,blocked,102,2.0,0.0,1.6470418844992594,2.3038508264111783,-28.14676346230355,-30.45061428871473,29.79380534680281
100,blocked,103,2.0,0.0,0.2718776454811547,-1.3751642390181047,-29.521927701321655,-28.14676346230355,29.79380534680281
101,blocked,104,2.0,0.0,2.3363421921867342,2.0644645467055796,-27.457463154616075,-29.521927701321655,29.79380534680281
102,blocked,105,2.0,0.0,-1.074331045713933,-3.4106732379006672,-30.868136392516742,-27.457463154616075,29.79380534680281
103,blocked,106,2.0,0.0,-0.7344354472928103,0.3398955984211227,-30.52824079409562,-30.868136392516742,29.79380534680281
104,blocked,107,2.0,0.0,-1.3232154552925834,-0.5887800079997731,-31.117020802095393,-30.52824079409562,29.79380534680281
105,blocked,108,2.0,0.0,0.5847333712746092,1.9079488265671927,-29.2090719755282,-31.117020802095393,29.79380534680281
106,blocked,109,2.0,0.0,-2.248021938007014,-2.832755309281623,-32.04182728480983,-29.2090719755282,29.79380534680281
107,blocked,110,2.0,0.0,1.8553719581824453,4.103393896189459,-27.938433388620364,-32.04182728480983,29.79380534680281
108,blocked,111,2.0,0.0,-1.194681182393353,-3.0500531405757982,-30.988486529196162,-27.938433388620364,29.79380534680281
109,blocked,112,2.0,0.0,-1.5672868178338746,-0.3726056354405216,-31.361092164636684,-30.988486529196162,29.79380534680281
110,blocked,113,2.0,0.0,-1.2704232823357273,0.29686353549814726,-31.064228629138537,-31.361092164636684,29.79380534680281
111,blocked,114,2.0,0.0,-0.8851144237308972,0.3853088586048301,-30.678919770533707,-31.064228629138537,29.79380534680281
112,blocked,115,2.0,0.0,-2.2414460379158356,-1.3563316141849384,-32.03525138471865,-30.678919770533707,29.79380534680281
113,blocked,116,2.0,0.0,1.087860646039374,3.3293066839552097,-28.705944700763435,-32.03525138471865,29.79380534680281
114,blocked,117,2.0,0.0,1.314777006057298,0.22691636001792403,-28.47902834074551,-28.705944700763435,29.79380534680281
115,blocked,118,2.0,0.0,-1.8676696222095899,-3.182446628266888,-31.6614749690124,-28.47902834074551,29.79380534680281
116,blocked,119,2.0,0.0,-1.3249495787027001,0.5427200435068897,-31.11875492550551,-31.6614749690124,29.79380534680281
117,blocked,120,2.0,0.0,-0.7381099282152519,0.5868396504874482,-30.53191527501806,-31.11875492550551,29.79380534680281
118,blocked,121,2.0,0.0,-1.6884373493081597,-0.9503274210929078,-31.48224269611097,-30.53191527501806,29.79380534680281
119,blocked,122,2.0,0.0,-2.2178317192694834,-0.5293943699613237,-32.011637066072296,-31.48224269611097,29.79380534680281
120,blocked,123,2.0,0.0,-2.828139669775055,-0.6103079505055717,-32.62194501657787,-32.011637066072296,29.79380534680281
121,blocked,124,2.0,0.0,-2.4763940886172406,0.3517455811578145,-32.270199435420054,-32.62194501657787,29.79380534680281
122,blocked,125,2.0,0.0,-1.3529512400053534,1.1234428486118873,-31.146756586808163,-32.270199435420054,29.79380534680281
123,blocked,126,2.0,0.0,-2.8007780166441734,-1.44782677663882,-32.594583363446986,-31.146756586808163,29.79380534680281
124,blocked,127,2.0,0.0,-2.280152556071741,0.5206254605724325,-32.073957902874554,-32.594583363446986,29.79380534680281
125,blocked,128,2.0,0.0,0.14755567511181766,2.4277082311835585,-29.646249671690992,-32.073957902874554,29.79380534680281
126,blocked,129,2.0,0.0,-0.6843161410894822,-0.8318718162012999,-30.47812148789229,-29.646249671690992,29.79380534680281
127,blocked,130,2.0,0.0,-4.385416868601098,-3.7011007275116157,-4.385416868601098,-30.47812148789229,0.0
128,blocked,131,3.0,0.0,-1.0903830273015416,3.2950338412995563,-1.0903830273015416,-4.385416868601098,0.0
129,blocked,132,3.0,0.0,-0.429970010231159,0.6604130170703826,-0.429970010231159,-1.0903830273015416,0.0
130,blocked,133,3.0,0.0,-2.2456655360292217,-1.8156955257980627,-2.2456655360292217,-0.429970010231159,0.0
131,blocked,134,3.0,0.0,-1.3337080352657011,0.9119575007635206,-1.3337080352657011,-2.2456655360292217,0.0
132,blocked,135,3.0,0.0,-1.3545334871064512,-0.02082545184075002,-1.3545334871064512,-1.3337080352657011,0.0
133,blocked,136,3.0,0.0,-1.6984888630900912,-0.34395537598364,-1.6984888630900912,-1.3545334871064512,0.0
134,blocked,137,3.0,0.0,-1.0122451909129637,0.6862436721771275,-1.0122451909129637,-1.6984888630900912,0.0
135,blocked,138,3.0,0.0,-1.456606507904283,-0.4443613169913192,-1.456606507904283,-1.0122451909129637,0.0
136,blocked,139,3.0,0.0,-2.756501546394688,-1.2998950384904049,-2.756501546394688,-1.456606507904283,0.0
137,blocked,140,3.0,0.0,-1.1600980079255123,1.5964035384691755,-1.1600980079255123,-2.756501546394688,0.0
138,blocked,141,3.0,0.0,-4.65520704068679,-3.4951090327612775,-4.65520704068679,-1.1600980079255123,0.0
139,blocked,142,3.0,0.0,-2.2141393048321163,2.4410677358546735,-2.2141393048321163,-4.65520704068679,0.0
140,blocked,143,3.0,0.0,-5.0696294624700045,-2.855490157637888,-5.0696294624700045,-2.2141393048321163,0.0
141,blocked,144,3.0,0.0,0.7237081266514167,5.793337589121421,0.7237081266514167,-5.0696294624700045,0.0
142,blocked,145,3.0,0.0,-3.279773022248321,-4.003481148899738,-3.279773022248321,0.7237081266514167,0.0
143,blocked,146,3.0,0.0,0.07931979209637063,3.3590928143446916,0.07931979209637063,-3.279773022248321,0.0
144,blocked,147,3.0,0.0,-4.5791148104923565,-4.658434602588727,-4.5791148104923565,0.07931979209637063,0.0
145,blocked,148,3.0,0.0,-3.159069749423395,1.4200450610689614,-3.159069749423395,-4.5791148104923565,0.0
146,blocked,149,3.0,0.0,-3.6638012968244027,-0.5047315474010077,-3.6638012968244027,-3.159069749423395,0.0
147,blocked,150,3.0,0.0,-2.0480307819175607,1.615770514906842,-2.0480307819175607,-3.6638012968244027,0.0
148,blocked,151,3.0,0.0,-3.7566178550878675,-1.7085870731703068,-3.7566178550878675,-2.0480307819175607,0.0
149,blocked,152,3.0,0.0,-3.236809235926401,0.5198086191614664,-3.236809235926401,-3.7566178550878675,0.0
150,blocked,153,3.0,0.0,-2.897807077262044,0.339002158664357,-2.897807077262044,-3.236809235926401,0.0
151,blocked,154,3.0,0.0,-1.3138023612861076,1.5840047159759365,-1.3138023612861076,-2.897807077262044,0.0
152,blocked,155,3.0,0.0,-2.5713788127646353,-1.2575764514785277,-2.5713788127646353,-1.3138023612861076,0.0
153,blocked,156,3.0,0.0,-2.6832782423669954,-0.1118994296023601,-2.6832782423669954,-2.5713788127646353,0.0
154,blocked,157,3.0,0.0,-2.30052549981761,0.3827527425493855,-2.30052549981761,-2.6832782423669954,0.0
155,blocked,158,3.0,0.0,-1.2435120081478033,1.0570134916698066,-1.2435120081478033,-2.30052549981761,0.0
156,blocked,159,3.0,0.0,-0.08853051821084534,1.154981489936958,-0.08853051821084534,-1.2435120081478033,0.0
157,blocked,160,3.0,0.0,-2.8177201234556293,-2.729189605244784,-2.8177201234556293,-0.08853051821084534,0.0
158,blocked,161,3.0,0.0,-1.5985104945442004,1.219209628911429,-1.5985104945442004,-2.8177201234556293,0.0
159,blocked,162,3.0,0.0,-1.0190640655169574,0.579446429027243,-1.0190640655169574,-1.5985104945442004,0.0
160,blocked,163,3.0,0.0,-2.0142767857960564,-0.995212720279099,-2.0142767857960564,-1.0190640655169574,0.0
161,blocked,164,3.0,0.0,-0.9350679630745589,1.0792088227214975,-0.9350679630745589,-2.0142767857960564,0.0
162,blocked,165,3.0,0.0,-2.2870740261249267,-1.3520060630503679,-2.2870740261249267,-0.9350679630745589,0.0
163,blocked,166,3.0,0.0,-2.5899548469500075,-0.30288082082508083,-2.5899548469500075,-2.2870740261249267,0.0
164,blocked,167,3.0,0.0,-4.0092953445694235,-1.419340497619416,-4.0092953445694235,-2.5899548469500075,0.0
165,blocked,168,3.0,0.0,-1.671387408396896,2.3379079361725275,-1.671387408396896,-4.0092953445694235,0.0
166,blocked,169,3.0,0.0,-3.818959926971374,-2.147572518574478,-3.818959926971374,-1.671387408396896,0.0
167,blocked,170,3.0,0.0,-4.406400524057489,-0.5874405970861147,-4.406400524057489,-3.818959926971374,0.0
168,blocked,171,3.0,0.0,-4.363789444804695,0.042611079252793616,-4.363789444804695,-4.406400524057489,0.0
169,blocked,172,3.0,0.0,-3.805250490109586,0.5585389546951092,-3.805250490109586,-4.363789444804695,0.0
170,blocked,173,3.0,0.0,-3.309615302970343,0.4956351871392428,-3.309615302970343,-3.805250490109586,0.0
171,blocked,174,3.0,0.0,-2.0888232155940756,1.2207920873762674,-2.0888232155940756,-3.309615302970343,0.0
172,blocked,175,3.0,0.0,-4.831410542670838,-2.7425873270767624,-4.831410542670838,-2.0888232155940756,0.0
173,blocked,176,3.0,0.0,0.4883268622763097,5.319737404947148,0.4883268622763097,-4.831410542670838,0.0
174,blocked,177,3.0,0.0,-2.7352369947757325,-3.223563857052042,-2.7352369947757325,0.4883268622763097,0.0
175,blocked,178,3.0,0.0,-0.24680078255133253,2.4884362122244,-0.24680078255133253,-2.7352369947757325,0.0
176,blocked,179,3.0,0.0,-2.258232261817213,-2.0114314792658803,-2.258232261817213,-0.24680078255133253,0.0
177,blocked,180,3.0,0.0,-3.6687066767892276,-1.4104744149720148,-3.6687066767892276,-2.258232261817213,0.0
178,blocked,181,4.0,0.0,-1.852755094637729,1.8159515821514987,-1.852755094637729,-3.6687066767892276,0.0
179,blocked,182,4.0,0.0,-2.6911338130167053,-0.8383787183789764,-2.6911338130167053,-1.852755094637729,0.0
180,blocked,183,4.0,0.0,-2.039373269279082,0.6517605437376233,-2.039373269279082,-2.6911338130167053,0.0
181,blocked,184,4.0,0.0,-2.608221970111998,-0.5688487008329162,-2.608221970111998,-2.039373269279082,0.0
182,blocked,185,4.0,0.0,-1.338319708223409,1.2699022618885891,-1.338319708223409,-2.608221970111998,0.0
183,blocked,186,4.0,0.0,-0.33835098977536404,0.999968718448045,-0.33835098977536404,-1.338319708223409,0.0
184,blocked,187,4.0,0.0,-2.2025881754142063,-1.8642371856388422,-2.2025881754142063,-0.33835098977536404,0.0
185,blocked,188,4.0,0.0,-2.357537790381798,-0.15494961496759174,-2.357537790381798,-2.2025881754142063,0.0
186,blocked,189,4.0,0.0,-2.005288189892326,0.35224960048947196,-2.005288189892326,-2.357537790381798,0.0
187,blocked,190,4.0,0.0,-1.1002753564422108,0.9050128334501153,-1.1002753564422108,-2.005288189892326,0.0
188,blocked,191,4.0,0.0,0.19126946990014915,1.29154482634236,0.19126946990014915,-1.1002753564422108,0.0
189,blocked,192,4.0,0.0,-3.0727300107941744,-3.2639994806943236,-3.0727300107941744,0.19126946990014915,0.0
190,blocked,193,4.0,0.0,-2.1285886285894406,0.9441413822047338,-2.1285886285894406,-3.0727300107941744,0.0
191,blocked,194,4.0,0.0,1.6581969282887883,3.786785556878229,1.6581969282887883,-2.1285886285894406,0.0
192,blocked,195,4.0,0.0,-4.0342032937886785,-5.692400222077467,-4.0342032937886785,1.6581969282887883,0.0
193,blocked,196,4.0,0.0,-3.2840951065037984,0.75010818728488,-3.2840951065037984,-4.0342032937886785,0.0
194,blocked,197,4.0,0.0,-0.6296229688399393,2.654472137663859,-0.6296229688399393,-3.2840951065037984,0.0
195,blocked,198,4.0,0.0,-1.9300624833598192,-1.30043951451988,-1.9300624833598192,-0.6296229688399393,0.0
196,blocked,199,4.0,0.0,-1.0903920554676745,0.8396704278921447,-1.0903920554676745,-1.9300624833598192,0.0
197,blocked,200,4.0,0.0,0.9847649937914014,2.075157049259076,0.9847649937914014,-1.0903920554676745,0.0
198,blocked,201,4.0,0.0,-0.6490995315528068,-1.6338645253442081,-0.6490995315528068,0.9847649937914014,0.0
199,blocked,202,4.0,0.0,-1.2686837952239927,-0.6195842636711859,-1.2686837952239927,-0.6490995315528068,0.0
200,blocked,203,4.0,0.0,0.07552375761376595,1.3442075528377586,0.07552375761376595,-1.2686837952239927,0.0
201,blocked,204,4.0,0.0,0.24472800022252272,0.16920424260875677,0.24472800022252272,0.07552375761376595,0.0
202,blocked,205,4.0,0.0,-1.7409285944243749,-1.9856565946468976,-1.7409285944243749,0.24472800022252272,0.0
203,blocked,206,4.0,0.0,-0.7882832889258964,0.9526453054984785,-0.7882832889258964,-1.7409285944243749,0.0
204,blocked,207,4.0,0.0,-0.480921373464696,0.3073619154612004,-0.480921373464696,-0.7882832889258964,0.0
205,blocked,208,4.0,0.0,-2.2953597783789093,-1.8144384049142133,-2.2953597783789093,-0.480921373464696,0.0
206,blocked,209,4.0,0.0,-1.5263379065049492,0.7690218718739601,-1.5263379065049492,-2.2953597783789093,0.0
207,blocked,210,4.0,0.0,-1.9439652277973067,-0.4176273212923576,-1.9439652277973067,-1.5263379065049492,0.0
208,blocked,211,4.0,0.0,-1.6665367478353232,0.2774284799619835,-1.6665367478353232,-1.9439652277973067,0.0
209,blocked,212,4.0,0.0,1.021447565990087,2.6879843138254103,1.021447565990087,-1.6665367478353232,0.0
210,blocked,213,4.0,0.0,-0.060178797398819484,-1.0816263633889065,-0.060178797398819484,1.021447565990087,0.0
211,blocked,214,4.0,0.0,-3.2376581957145874,-3.177479398315768,-3.2376581957145874,-0.060178797398819484,0.0
212,blocked,215,4.0,0.0,0.0029521598409161243,3.2406103555555035,0.0029521598409161243,-3.2376581957145874,0.0
213,blocked,216,4.0,26.78,-3.003481137621705,-3.006433297462621,-3.003481137621705,0.0029521598409161243,0.0
214,blocked,217,4.0,26.78,-2.2830958244405366,0.7203853131811684,-2.2830958244405366,-3.003481137621705,0.0
215,blocked,218,4.0,26.78,-1.578846532525219,0.7042492919153176,-1.578846532525219,-2.2830958244405366,0.0
216,blocked,219,4.0,26.78,-0.7468524220290078,0.8319941104962112,-0.7468524220290078,-1.578846532525219,0.0
217,blocked,220,4.0,26.78,-1.6094551623277624,-0.8626027402987546,-1.6094551623277624,-0.7468524220290078,0.0
218,blocked,221,4.0,26.78,-1.248361546594282,0.36109361573348053,-1.248361546594282,-1.6094551623277624,0.0
219,blocked,222,4.0,26.78,-3.4137027485051306,-2.1653412019108487,-3.4137027485051306,-1.248361546594282,0.0
220,blocked,223,4.0,26.78,-1.241740982703135,2.1719617658019956,-1.241740982703135,-3.4137027485051306,0.0
221,blocked,224,4.0,26.78,-1.4315780195476009,-0.18983703684446596,-1.4315780195476009,-1.241740982703135,0.0
222,blocked,225,4.0,26.78,-1.7449600048237812,-0.31338198527618033,-1.7449600048237812,-1.4315780195476009,0.0
223,blocked,226,4.0,26.78,0.5630151922265156,2.307975197050297,0.5630151922265156,-1.7449600048237812,0.0
224,blocked,227,4.0,26.78,-2.7599672345145763,-3.322982426741092,-2.7599672345145763,0.5630151922265156,0.0
225,blocked,228,4.0,26.78,0.2984542768638647,3.058421511378441,0.2984542768638647,-2.7599672345145763,0.0
226,blocked,229,4.0,26.78,-2.762449078581099,-3.060903355444964,-2.762449078581099,0.2984542768638647,0.0
227,blocked,230,4.0,26.78,-5.220204335388303,-2.4577552568072036,-35.014009682191116,-2.762449078581099,29.79380534680281
228,blocked,231,5.0,26.78,-0.8183424096983885,4.401861925689914,-30.612147756501198,-35.014009682191116,29.79380534680281
229,blocked,232,5.0,26.78,0.9624095683577849,1.7807519780561734,-28.831395778445025,-30.612147756501198,29.79380534680281
230,blocked,233,5.0,26.78,-3.6221458092810224,-4.584555377638807,-33.415951156083835,-28.831395778445025,29.79380534680281
231,blocked,234,5.0,26.78,-2.0320678192705373,1.590077990010485,-31.825873166073347,-33.415951156083835,29.79380534680281
232,blocked,235,5.0,26.78,-0.4852837547189637,1.5467840645515736,-30.279089101521773,-31.825873166073347,29.79380534680281
233,blocked,236,5.0,26.78,-3.043250780815157,-2.5579670260961933,-32.83705612761797,-30.279089101521773,29.79380534680281
234,blocked,237,5.0,26.78,-2.172865248811874,0.870385532003283,-31.966670595614683,-32.83705612761797,29.79380534680281
235,blocked,238,5.0,26.78,-2.3281321074796466,-0.15526685866777257,-32.12193745428246,-31.966670595614683,29.79380534680281
236,blocked,239,5.0,26.78,-1.7888167051823558,0.5393154022972908,-31.582622051985165,-32.12193745428246,29.79380534680281
237,blocked,240,5.0,26.78,-2.463582050902744,-0.6747653457203882,-32.25738739770556,-31.582622051985165,29.79380534680281
238,blocked,241,5.0,26.78,-2.7000866701206405,-0.23650461921789656,-32.49389201692345,-32.25738739770556,29.79380534680281
239,blocked,242,5.0,26.78,-0.9912249119017531,1.7088617582188874,-30.785030258704563,-32.49389201692345,29.79380534680281
240,blocked,243,5.0,26.78,-3.51760823624069,-2.526383324338937,-33.3114135830435,-30.785030258704563,29.79380534680281
241,blocked,244,5.0,26.78,-0.4204779312267277,3.0971303050139625,-30.214283278029537,-33.3114135830435,29.79380534680281
242,blocked,245,5.0,26.78,-0.5864757665531926,-0.16599783532646484,-30.380281113356002,-30.214283278029537,29.79380534680281
243,blocked,246,5.0,26.78,-0.8941705416544607,-0.3076947751012682,-30.68797588845727,-30.380281113356002,29.79380534680281
244,blocked,247,5.0,26.78,-0.4788412976252232,0.41532924402923754,-30.272646644428033,-30.68797588845727,29.79380534680281
245,blocked,248,5.0,26.78,-2.093240746386556,-1.6143994487613327,-31.887046093189365,-30.272646644428033,29.79380534680281
246,blocked,249,5.0,26.78,-1.4965759956005655,0.5966647507859903,-31.290381342403375,-31.887046093189365,29.79380534680281
247,blocked,250,5.0,26.78,-2.0783999592065783,-0.5818239636060127,-31.872205306009388,-31.290381342403375,29.79380534680281
248,blocked,251,5.0,26.78,-2.8261606989632497,-0.7477607397566715,-32.61996604576606,-31.872205306009388,29.79380534680281
249,blocked,252,5.0,26.78,-3.6579277882095766,-0.8317670892463269,-33.45173313501239,-32.61996604576606,29.79380534680281
250,blocked,253,5.0,26.78,-1.63189893807629,2.0260288501332866,-31.4257042848791,-33.45173313501239,29.79380534680281
251,blocked,254,5.0,26.78,-3.758993571205096,-2.127094633128806,-33.55279891800791,-31.4257042848791,29.79380534680281
252,blocked,255,5.0,26.78,-3.585971866944064,0.17302170426103203,-33.37977721374688,-33.55279891800791,29.79380534680281
253,blocked,256,5.0,26.78,-2.7341279420505344,0.8518439248935294,-32.52793328885335,-33.37977721374688,29.79380534680281
254,blocked,257,5.0,26.78,-1.9743703782326492,0.7597575638178853,-31.76817572503546,-32.52793328885335,29.79380534680281
255,blocked,258,5.0,26.78,-2.0931573816055646,-0.11878700337291548,-31.886962728408374,-31.76817572503546,29.79380534680281
256,blocked,259,5.0,26.78,-3.0041018616483797,-0.910944480042815,-32.79790720845119,-31.886962728408374,29.79380534680281
257,blocked,260,5.0,26.78,-1.0576486076686251,1.9464532539797545,-30.851453954471435,-32.79790720845119,29.79380534680281
258,blocked,261,5.0,26.78,-3.0436974150303513,-1.9860488073617262,-32.837502761833164,-30.851453954471435,29.79380534680281
259,blocked,262,5.0,26.78,-5.086245214180494,-2.0425477991501424,-34.88005056098331,-32.837502761833164,29.79380534680281
260,blocked,263,5.0,26.78,-4.356935180498084,0.7293100336824097,-34.1507405273009,-34.88005056098331,29.79380534680281
261,blocked,264,5.0,26.78,-2.1503753111719988,2.2065598693260853,-31.944180657974808,-34.1507405273009,29.79380534680281
262,blocked,265,5.0,26.78,-1.8350439256198712,0.3153313855521276,-31.62884927242268,-31.944180657974808,29.79380534680281
263,blocked,266,5.0,26.78,-2.2229492736090464,-0.3879053479891752,-32.01675462041186,-31.62884927242268,29.79380534680281
264,blocked,267,5.0,26.78,-0.8425651910509657,1.3803840825580806,-30.636370537853775,-32.01675462041186,29.79380534680281
265,blocked,268,5.0,26.78,-3.6678115367185455,-2.82524634566758,-33.46161688352136,-30.636370537853775,29.79380534680281
266,blocked,269,5.0,26.78,0.18556485730825045,3.853376394026796,-29.60824048949456,-33.46161688352136,29.79380534680281
267,blocked,270,5.0,26.78,-2.9921998053679886,-3.177764662676239,-32.7860051521708,-29.60824048949456,29.79380534680281
268,blocked,271,5.0,26.78,-3.057810723296896,-0.0656109179289075,-32.85161607009971,-32.7860051521708,29.79380534680281
269,blocked,272,5.0,26.78,-2.697317461264518,0.36049326203237797,-32.49112280806733,-32.85161607009971,29.79380534680281
270,blocked,273,5.0,26.78,-3.631668454406835,-0.9343509931423171,-33.42547380120965,-32.49112280806733,29.79380534680281
271,blocked,274,5.0,26.78,-1.892040907443004,1.7396275469638312,-31.685846254245813,-33.42547380120965,29.79380534680281
272,blocked,275,5.0,26.78,-4.102956036161515,-2.2109151287185114,-33.89676138296433,-31.685846254245813,29.79380534680281
273,blocked,276,5.0,26.78,-2.832123562334047,1.2708324738274683,-32.62592890913686,-33.89676138296433,29.79380534680281
274,blocked,277,5.0,26.78,-0.6498471134485442,2.182276448885503,-30.443652460251354,-32.62592890913686,29.79380534680281
275,blocked,278,5.0,26.78,-1.1603337726717058,-0.5104866592231616,-30.954139119474515,-30.443652460251354,29.79380534680281
276,blocked,279,5.0,26.78,-4.966955872704105,-3.806622100032399,-34.76076121950692,-30.954139119474515,29.79380534680281
277,blocked,280,5.0,26.78,-1.4638693230937747,3.5030865496103303,-31.257674669896584,-34.76076121950692,29.79380534680281
278,blocked,281,5.0,26.78,-1.434841397935088,0.029027925158686685,-31.228646744737897,-31.257674669896584,29.79380534680281
279,blocked,282,5.0,26.78,-4.170159093777897,-2.7353176958428094,-33.96396444058071,-31.228646744737897,29.79380534680281
280,blocked,283,5.0,26.78,-0.6978012970655669,3.4723577967123305,-30.491606643868376,-33.96396444058071,29.79380534680281
281,blocked,284,5.0,26.78,-2.140309661481851,-1.442508364416284,-31.93411500828466,-30.491606643868376,29.79380534680281
282,blocked,285,5.0,26.78,-2.7788733827562595,-0.6385637212744086,-32.57267872955907,-31.93411500828466,29.79380534680281
283,blocked,286,5.0,26.78,0.29068127167722935,3.069554654433489,-29.50312407512558,-32.57267872955907,29.79380534680281
284,blocked,287,5.0,26.78,-5.163507460428164,-5.4541887321053935,-34.95731280723098,-29.50312407512558,29.79380534680281
285,blocked,288,5.0,26.78,-4.596185980539374,0.5673214798887898,-34.38999132734219,-34.95731280723098,29.79380534680281
286,blocked,289,5.0,26.78,-2.4933397558302914,2.102846224709083,-32.287145102633104,-34.38999132734219,29.79380534680281
287,blocked,290,5.0,26.78,-2.073919672319633,0.4194200835106585,-31.867725019122442,-32.287145102633104,29.79380534680281
288,blocked,291,5.0,26.78,-3.235144371847923,-1.1612246995282902,-33.028949718650736,-31.867725019122442,29.79380534680281
289,blocked,292,5.0,26.78,-2.1085587900698073,1.1265855817781159,-31.902364136872617,-33.028949718650736,29.79380534680281
290,blocked,293,5.0,26.78,-1.2871079113331518,0.8214508787366555,-31.08091325813596,-31.902364136872617,29.79380534680281
291,blocked,294,5.0,26.78,-3.0064444783471203,-1.7193365670139684,-32.80024982514993,-31.08091325813596,29.79380534680281
292,blocked,295,5.0,26.78,-3.9594514878806137,-0.9530070095334935,-33.75325683468343,-32.80024982514993,29.79380534680281
293,blocked,296,5.0,26.78,-1.9967321897343169,1.9627192981462969,-31.790537536537126,-33.75325683468343,29.79380534680281
294,blocked,297,5.0,26.78,-2.4005083264095646,-0.4037761366752477,-32.19431367321238,-31.790537536537126,29.79380534680281
295,blocked,298,5.0,26.78,-5.119442416984754,-2.718934090575189,-34.91324776378757,-32.19431367321238,29.79380534680281
296,blocked,299,5.0,26.78,-3.698629205062119,1.4208132119226349,-33.49243455186493,-34.91324776378757,29.79380534680281
297,blocked,300,5.0,26.78,-3.660849359748738,0.03777984531338063,-33.45465470655155,-33.49243455186493,29.79380534680281
298,blocked,301,5.0,26.78,-3.7065311009831987,-0.04568174123446056,-33.50033644778601,-33.45465470655155,29.79380534680281
299,blocked,302,5.0,26.78,-5.2077550339032115,-1.5012239329200128,-35.001560380706024,-33.50033644778601,29.79380534680281
300,blocked,303,5.0,26.78,-0.7882245387514644,4.419530495151747,-30.582029885554274,-35.001560380706024,29.79380534680281
301,blocked,304,5.0,26.78,-4.25822674065337,-3.470002201901906,-34.05203208745618,-30.582029885554274,29.79380534680281
302,blocked,305,5.0,26.78,-3.402254952724249,0.8559717879291213,-33.19606029952706,-34.05203208745618,29.79380534680281
303,blocked,306,5.0,26.78,-1.965949936940774,1.436305015783475,-31.759755283743583,-33.19606029952706,29.79380534680281
304,blocked,307,5.0,26.78,-0.48057582076771155,1.4853741161730625,-30.27438116757052,-31.759755283743583,29.79380534680281
305,blocked,308,5.0,26.78,-2.2641514661272595,-1.783575645359548,-32.05795681293007,-30.27438116757052,29.79380534680281
306,blocked,309,5.0,26.78,-0.746508329957706,1.5176431361695535,-30.540313676760515,-32.05795681293007,29.79380534680281
307,blocked,310,5.0,26.78,-2.5582712733236406,-1.8117629433659346,-32.352076620126454,-30.540313676760515,29.79380534680281
308,blocked,311,5.0,26.78,-1.5388999621742556,1.019371311149385,-31.332705308977065,-32.352076620126454,29.79380534680281
309,blocked,312,5.0,26.78,-4.565703022211466,-3.02680306003721,-34.35950836901428,-31.332705308977065,29.79380534680281
310,blocked,313,5.0,26.78,-3.530968261188306,1.0347347610231594,-33.32477360799112,-34.35950836901428,29.79380534680281
311,blocked,314,5.0,26.78,-4.03435689903435,-0.5033886378460437,-33.82816224583716,-33.32477360799112,29.79380534680281
312,blocked,315,5.0,26.78,-0.5605620000287388,3.473794899005611,-30.35436734683155,-33.82816224583716,29.79380534680281
313,blocked,316,5.0,26.78,-0.8004423706660049,-0.23988037063726608,-30.594247717468814,-30.35436734683155,29.79380534680281
314,blocked,317,5.0,26.78,1.422616532746673,2.223058903412678,-28.371188814056136,-30.594247717468814,29.79380534680281
315,blocked,318,5.0,26.78,-0.6915721680948934,-2.1141887008415665,-30.485377514897703,-28.371188814056136,29.79380534680281
316,blocked,319,5.0,26.78,-1.9868072426969832,-1.2952350746020898,-31.780612589499793,-30.485377514897703,29.79380534680281
317,blocked,320,5.0,26.78,-2.2419333875628524,-0.25512614486586926,-32.035738734365665,-31.780612589499793,29.79380534680281
318,blocked,321,5.0,26.78,-0.573794391904002,1.6681389956588504,-30.36759973870681,-32.035738734365665,29.79380534680281
319,blocked,322,5.0,26.78,-2.190046036185862,-1.61625164428186,-31.98385138298867,-30.36759973870681,29.79380534680281
320,blocked,323,5.0,26.78,-4.2960269908861335,-2.1059809547002715,-34.08983233768895,-31.98385138298867,29.79380534680281
321,blocked,324,5.0,26.78,-4.370858223318649,-0.07483123243251555,-34.16466357012146,-34.08983233768895,29.79380534680281
322,blocked,325,5.0,26.78,-4.037443071566017,0.33341515175263226,-33.83124841836883,-34.16466357012146,29.79380534680281
323,blocked,326,5.0,26.78,-4.346533443181585,-0.30909037161556796,-34.1403387899844,-33.83124841836883,29.79380534680281
324,blocked,327,5.0,26.78,-4.611460660279064,-0.2649272170974797,-34.40526600708188,-34.1403387899844,29.79380534680281
325,blocked,328,5.0,26.78,-3.5869855209131174,1.024475139365947,-33.38079086771593,-34.40526600708188,29.79380534680281
326,blocked,329,5.0,26.78,-4.431660702658135,-0.8446751817450178,-34.22546604946095,-33.38079086771593,29.79380534680281
327,blocked,330,5.0,26.78,-3.578012727811341,0.853647974846794,-3.578012727811341,-34.22546604946095,0.0
328,blocked,331,6.0,26.78,-2.122333206582425,1.455679521228916,-2.122333206582425,-3.578012727811341,0.0
329,blocked,332,6.0,26.78,-1.398196582265598,0.7241366243168272,-1.398196582265598,-2.122333206582425,0.0
330,blocked,333,6.0,26.78,-0.620737735898885,0.7774588463667129,-0.620737735898885,-1.398196582265598,0.0
331,blocked,334,6.0,26.78,-0.6169791304021714,0.003758605496713585,-0.6169791304021714,-0.620737735898885,0.0
332,blocked,335,6.0,26.78,-0.41754765629666224,0.1994314741055092,-0.41754765629666224,-0.6169791304021714,0.0
333,blocked,336,6.0,26.78,-0.8942637680929693,-0.476716111796307,-0.8942637680929693,-0.41754765629666224,0.0
334,blocked,337,6.0,26.78,-2.5108872590719216,-1.6166234909789523,-2.5108872590719216,-0.8942637680929693,0.0
335,blocked,338,6.0,26.78,-0.5416783359209063,1.9692089231510153,-0.5416783359209063,-2.5108872590719216,0.0
336,blocked,339,6.0,26.78,-2.670189305730588,-2.128510969809682,-2.670189305730588,-0.5416783359209063,0.0
337,blocked,340,6.0,26.78,-2.5669807313155246,0.10320857441506348,-2.5669807313155246,-2.670189305730588,0.0
338,blocked,341,6.0,26.78,-0.9116452700990862,1.6553354612164384,-0.9116452700990862,-2.5669807313155246,0.0
339,blocked,342,6.0,26.78,-2.485631421322367,-1.5739861512232807,-2.485631421322367,-0.9116452700990862,0.0
340,blocked,343,6.0,26.78,-1.1964958774760532,1.2891355438463137,-1.1964958774760532,-2.485631421322367,0.0
341,blocked,344,6.0,26.78,1.6785830745378547,2.875078952013908,1.6785830745378547,-1.1964958774760532,0.0
342,blocked,345,6.0,26.78,-4.10140696986133,-5.7799900443991845,-4.10140696986133,1.6785830745378547,0.0
343,blocked,346,6.0,26.78,-1.5175144810850867,2.583892488776243,-1.5175144810850867,-4.10140696986133,0.0
344,blocked,347,6.0,26.78,-1.8518889936407277,-0.334374512555641,-1.8518889936407277,-1.5175144810850867,0.0
345,blocked,348,6.0,26.78,-0.35364191109239584,1.4982470825483318,-0.35364191109239584,-1.8518889936407277,0.0
346,blocked,349,6.0,26.78,-3.469855060438178,-3.116213149345782,-3.469855060438178,-0.35364191109239584,0.0
347,blocked,350,6.0,26.78,-1.9585036451040168,1.5113514153341612,-1.9585036451040168,-3.469855060438178,0.0
348,blocked,351,6.0,26.78,-1.0437115016448217,0.914792143459195,-1.0437115016448217,-1.9585036451040168,0.0
349,blocked,352,6.0,26.78,-3.201270397914058,-2.1575588962692365,-3.201270397914058,-1.0437115016448217,0.0
350,blocked,353,6.0,26.78,-0.2946390110312933,2.906631386882765,-0.2946390110312933,-3.201270397914058,0.0
351,blocked,354,6.0,26.78,-0.7582615800794201,-0.4636225690481268,-0.7582615800794201,-0.2946390110312933,0.0
352,blocked,355,6.0,26.78,-2.587022133029663,-1.8287605529502429,-2.587022133029663,-0.7582615800794201,0.0
353,blocked,356,6.0,26.78,-2.907141123319434,-0.320118990289771,-2.907141123319434,-2.587022133029663,0.0
354,blocked,357,6.0,26.78,-2.406055758992494,0.50108536432694,-2.406055758992494,-2.907141123319434,0.0
355,blocked,358,6.0,26.78,-0.855851960900651,1.550203798091843,-0.855851960900651,-2.406055758992494,0.0
356,blocked,359,6.0,26.78,-1.0304796789173452,-0.1746277180166942,-1.0304796789173452,-0.855851960900651,0.0
357,blocked,360,6.0,26.78,-4.721155757781361,-3.6906760788640156,-4.721155757781361,-1.0304796789173452,0.0
358,blocked,361,6.0,26.78,-1.9773683151501302,2.7437874426312305,-1.9773683151501302,-4.721155757781361,0.0
359,blocked,362,6.0,26.78,-2.1443537844916705,-0.16698546934154024,-2.1443537844916705,-1.9773683151501302,0.0
360,blocked,363,6.0,26.78,-0.8265913060933343,1.3177624783983362,-0.8265913060933343,-2.1443537844916705,0.0
361,blocked,364,6.0,26.78,-1.8026196981332987,-0.9760283920399644,-1.8026196981332987,-0.8265913060933343,0.0
362,blocked,365,6.0,26.78,-2.3709579395846987,-0.5683382414514,-2.3709579395846987,-1.8026196981332987,0.0
363,blocked,366,6.0,26.78,-1.7209277992040768,0.6500301403806219,-1.7209277992040768,-2.3709579395846987,0.0
364,blocked,367,6.0,26.78,-2.09314614566577,-0.3722183464616933,-2.09314614566577,-1.7209277992040768,0.0
365,blocked,368,6.0,26.78,-3.3536716071229336,-1.2605254614571635,-3.3536716071229336,-2.09314614566577,0.0
366,blocked,369,6.0,26.78,-3.5657313817290515,-0.2120597746061179,-3.5657313817290515,-3.3536716071229336,0.0
367,blocked,370,6.0,26.78,-3.837689723656567,-0.27195834192751533,-3.837689723656567,-3.5657313817290515,0.0
368,blocked,371,6.0,26.78,-3.1694620442839607,0.6682276793726061,-3.1694620442839607,-3.837689723656567,0.0
369,blocked,372,6.0,26.78,-4.257096165492854,-1.0876341212088931,-4.257096165492854,-3.1694620442839607,0.0
370,blocked,373,6.0,26.78,-2.218132513586582,2.038963651906272,-2.218132513586582,-4.257096165492854,0.0
371,blocked,374,6.0,26.78,-0.5003274435802041,1.7178050700063778,-0.5003274435802041,-2.218132513586582,0.0
372,blocked,375,6.0,26.78,-0.6280547819221312,-0.12772733834192707,-0.6280547819221312,-0.5003274435802041,0.0
373,blocked,376,6.0,26.78,-4.887871413425188,-4.259816631503057,-4.887871413425188,-0.6280547819221312,0.0
374,blocked,377,6.0,26.78,-2.0559008896385222,2.8319705237866657,-2.0559008896385222,-4.887871413425188,0.0
375,blocked,378,6.0,26.78,-3.1523713223464966,-1.0964704327079744,-3.1523713223464966,-2.0559008896385222,0.0
376,blocked,379,6.0,26.78,-3.733862240329941,-0.5814909179834444,-3.733862240329941,-3.1523713223464966,0.0
377,blocked,380,6.0,26.78,-1.605936039386691,2.12792620094325,-1.605936039386691,-3.733862240329941,0.0
378,blocked,381,7.0,26.78,-1.826395838944066,-0.22045979955737494,-1.826395838944066,-1.605936039386691,0.0
379,blocked,382,7.0,26.78,-2.247597304105696,-0.42120146516163004,-2.247597304105696,-1.826395838944066,0.0
380,blocked,383,7.0,26.78,0.21793097457032218,2.465528278676018,0.21793097457032218,-2.247597304105696,0.0
381,blocked,384,7.0,26.78,2.3793298551202895,2.1613988805499673,2.3793298551202895,0.21793097457032218,0.0
382,blocked,385,7.0,26.78,3.0701094553911616,0.6907796002708722,3.0701094553911616,2.3793298551202895,0.0
383,blocked,386,7.0,26.78,0.11353716248845558,-2.956572292902706,0.11353716248845558,3.0701094553911616,0.0
384,blocked,387,7.0,26.78,-0.5289287789325243,-0.6424659414209799,-0.5289287789325243,0.11353716248845558,0.0
385,blocked,388,7.0,26.78,-1.8700495403556516,-1.3411207614231273,-1.8700495403556516,-0.5289287789325243,0.0
386,blocked,389,7.0,26.78,-3.0488471127527106,-1.178797572397059,-3.0488471127527106,-1.8700495403556516,0.0
387,blocked,390,7.0,26.78,-2.3146436082662376,0.734203504486473,-2.3146436082662376,-3.0488471127527106,0.0
388,blocked,391,7.0,26.78,-1.5418397983571595,0.7728038099090782,-1.5418397983571595,-2.3146436082662376,0.0
389,blocked,392,7.0,26.78,-1.9883636926088712,-0.4465238942517118,-1.9883636926088712,-1.5418397983571595,0.0
390,blocked,393,7.0,26.78,-0.9162103281980762,1.072153364410795,-0.9162103281980762,-1.9883636926088712,0.0
391,blocked,394,7.0,26.78,-0.8852514976903194,0.03095883050775683,-0.8852514976903194,-0.9162103281980762,0.0
392,blocked,395,7.0,26.78,-2.3874849422111595,-1.50223344452084,-2.3874849422111595,-0.8852514976903194,0.0
393,blocked,396,7.0,26.78,-1.4296506727610279,0.9578342694501316,-1.4296506727610279,-2.3874849422111595,0.0
394,blocked,397,7.0,26.78,-1.2938514131515149,0.135799259609513,-1.2938514131515149,-1.4296506727610279,0.0
395,blocked,398,7.0,26.78,-0.3299610905216923,0.9638903226298225,-0.3299610905216923,-1.2938514131515149,0.0
396,blocked,399,7.0,26.78,-1.2535072136603276,-0.9235461231386353,-1.2535072136603276,-0.3299610905216923,0.0
397,blocked,400,7.0,26.78,-3.3877389091811807,-2.134231695520853,-3.3877389091811807,-1.2535072136603276,0.0
398,blocked,401,7.0,26.78,-1.7066626032915906,1.6810763058895901,-1.7066626032915906,-3.3877389091811807,0.0
399,blocked,402,7.0,26.78,-1.194604028750149,0.5120585745414417,-1.194604028750149,-1.7066626032915906,0.0
400,blocked,403,7.0,26.78,-2.5410005160775455,-1.3463964873273966,-2.5410005160775455,-1.194604028750149,0.0
401,blocked,404,7.0,26.78,-1.7283928689272727,0.8126076471502728,-1.7283928689272727,-2.5410005160775455,0.0
402,blocked,405,7.0,26.78,-2.077015277355926,-0.34862240842865333,-2.077015277355926,-1.7283928689272727,0.0
403,blocked,406,7.0,26.78,-4.0660346861771615,-1.9890194088212354,-4.0660346861771615,-2.077015277355926,0.0
404,blocked,407,7.0,26.78,-0.8019889089356695,3.264045777241492,-0.8019889089356695,-4.0660346861771615,0.0
405,blocked,408,7.0,26.78,-1.3203211580745915,-0.518332249138922,-1.3203211580745915,-0.8019889089356695,0.0
406,blocked,409,7.0,26.78,-1.0202623407247415,0.30005881734984996,-1.0202623407247415,-1.3203211580745915,0.0
407,blocked,410,7.0,26.78,-3.533675645096693,-2.5134133043719515,-3.533675645096693,-1.0202623407247415,0.0
408,blocked,411,7.0,26.78,-4.011719290022114,-0.47804364492542106,-4.011719290022114,-3.533675645096693,0.0
409,blocked,412,7.0,26.78,-3.5349646567969017,0.4767546332252124,-3.5349646567969017,-4.011719290022114,0.0
410,blocked,413,7.0,26.78,-1.5023654946350433,2.0325991621618584,-1.5023654946350433,-3.5349646567969017,0.0
411,blocked,414,7.0,26.78,-3.1372503142984556,-1.6348848196634123,-3.1372503142984556,-1.5023654946350433,0.0
412,blocked,415,7.0,26.78,-2.2475313583691303,0.8897189559293253,-2.2475313583691303,-3.1372503142984556,0.0
413,blocked,416,7.0,26.78,-1.67129291147873,0.5762384468904003,-1.67129291147873,-2.2475313583691303,0.0
414,blocked,417,7.0,26.78,0.4867557809630796,2.1580486924418096,0.4867557809630796,-1.67129291147873,0.0
415,blocked,418,7.0,26.78,-0.47121933532449134,-0.9579751162875709,-0.47121933532449134,0.4867557809630796,0.0
416,blocked,419,7.0,26.78,-2.987729689435909,-2.5165103541114178,-2.987729689435909,-0.47121933532449134,0.0
417,blocked,420,7.0,26.78,-0.3807360287049306,2.6069936607309785,-0.3807360287049306,-2.987729689435909,0.0
418,blocked,421,7.0,26.78,-5.186322345942187,-4.805586317237257,-5.186322345942187,-0.3807360287049306,0.0
419,blocked,422,7.0,26.78,-4.217915811120591,0.9684065348215967,-4.217915811120591,-5.186322345942187,0.0
420,blocked,423,7.0,26.78,-2.4014909004005887,1.8164249107200021,-2.4014909004005887,-4.217915811120591,0.0
421,blocked,424,7.0,26.78,-3.9559502597013534,-1.5544593593007647,-3.9559502597013534,-2.4014909004005887,0.0
422,blocked,425,7.0,26.78,-4.634024370233135,-0.6780741105317816,-4.634024370233135,-3.9559502597013534,0.0
423,blocked,426,7.0,26.78,-3.8088676308446168,0.8251567393885182,-3.8088676308446168,-4.634024370233135,0.0
424,blocked,427,7.0,26.78,-2.0064830667447637,1.802384564099853,-2.0064830667447637,-3.8088676308446168,0.0
425,blocked,428,7.0,26.78,-3.237043523628131,-1.2305604568833672,-3.237043523628131,-2.0064830667447637,0.0
426,blocked,429,7.0,26.78,-3.938769152307671,-0.7017256286795401,-3.938769152307671,-3.237043523628131,0.0
427,interleaved,2,1.0,0.0,2.764332888953973,2.827296691205518,2.764332888953973,-0.06296380225154508,0.0
428,interleaved,3,1.0,0.0,-0.15234097243916267,-2.916673861393136,-0.15234097243916267,2.764332888953973,0.0
429,interleaved,4,1.0,0.0,1.4557352154260172,1.60807618786518,1.4557352154260172,-0.15234097243916267,0.0
430,interleaved,5,1.0,26.78,0.4055805405859445,-1.0501546748400727,0.4055805405859445,1.4557352154260172,0.0
431,interleaved,6,1.0,0.0,-2.6747160471675073,-3.080296587753452,-2.6747160471675073,0.4055805405859445,0.0
432,interleaved,7,1.0,26.78,0.6277443884913225,3.30246043565883,0.6277443884913225,-2.6747160471675073,0.0
433,interleaved,8,1.0,26.78,-0.753346454387426,-1.3810908428787485,-0.753346454387426,0.6277443884913225,0.0
434,interleaved,9,1.0,26.78,4.9853809698251865,5.7387274242126125,4.9853809698251865,-0.753346454387426,0.0
435,interleaved,10,1.0,0.0,0.5871944093760959,-4.398186560449091,0.5871944093760959,4.9853809698251865,0.0
436,interleaved,11,1.0,26.78,0.23115029055421132,-0.3560441188218846,0.23115029055421132,0.5871944093760959,0.0
437,interleaved,12,1.0,0.0,0.5271171398273964,0.29596684927318506,0.5271171398273964,0.23115029055421132,0.0
438,interleaved,13,1.0,0.0,1.358007915313209,0.8308907754858126,1.358007915313209,0.5271171398273964,0.0
439,interleaved,14,1.0,26.78,-1.9387733242396337,-3.2967812395528426,-1.9387733242396337,1.358007915313209,0.0
440,interleaved,15,1.0,26.78,-1.97718405448164,-0.03841073024200625,-1.97718405448164,-1.9387733242396337,0.0
441,interleaved,16,1.0,0.0,2.3094193254983253,4.286603379979965,2.3094193254983253,-1.97718405448164,0.0
442,interleaved,17,1.0,26.78,-0.9984169609347333,-3.3078362864330586,-0.9984169609347333,2.3094193254983253,0.0
443,interleaved,18,1.0,0.0,-2.4296454837717647,-1.4312285228370314,-2.4296454837717647,-0.9984169609347333,0.0
444,interleaved,19,1.0,0.0,2.580815366846565,5.01046085061833,2.580815366846565,-2.4296454837717647,0.0
445,interleaved,20,1.0,0.0,0.6416426859975246,-1.9391726808490404,0.6416426859975246,2.580815366846565,0.0
446,interleaved,21,1.0,26.78,3.3038968017396115,2.662254115742087,3.3038968017396115,0.6416426859975246,0.0
447,interleaved,22,1.0,0.0,-2.444135750630821,-5.748032552370432,-2.444135750630821,3.3038968017396115,0.0
448,interleaved,23,1.0,26.78,0.5880131574495238,3.0321489080803445,0.5880131574495238,-2.444135750630821,0.0
449,interleaved,24,1.0,26.78,1.7306916872232279,1.142678529773704,1.7306916872232279,0.5880131574495238,0.0
450,interleaved,25,1.0,26.78,0.7239649377206376,-1.0067267495025902,0.7239649377206376,1.7306916872232279,0.0
451,interleaved,26,1.0,26.78,-1.1579869254400421,-1.8819518631606797,-1.1579869254400421,0.7239649377206376,0.0
452,interleaved,27,1.0,26.78,4.208071048956015,5.366057974396057,4.208071048956015,-1.1579869254400421,0.0
453,interleaved,28,1.0,26.78,2.272769640060261,-1.9353014088957536,2.272769640060261,4.208071048956015,0.0
454,interleaved,29,1.0,0.0,-0.49841861144180655,-2.7711882515020676,-0.49841861144180655,2.272769640060261,0.0
455,interleaved,30,1.0,0.0,1.2296582718180815,1.728076883259888,-28.564147074984728,-0.49841861144180655,29.79380534680281
456,interleaved,31,2.0,26.78,-4.968733403488258,-6.19839167530634,-34.76253875029107,-28.564147074984728,29.79380534680281
457,interleaved,32,2.0,26.78,-1.483230240567579,3.485503162920679,-31.27703558737039,-34.76253875029107,29.79380534680281
458,interleaved,33,2.0,26.78,1.213929270266263,2.697159510833842,-28.579876076536546,-31.27703558737039,29.79380534680281
459,interleaved,34,2.0,26.78,-0.5408634496649256,-1.7547927199311886,-30.334668796467735,-28.579876076536546,29.79380534680281
460,interleaved,35,2.0,26.78,-0.78267275004076,-0.24180930037583437,-30.57647809684357,-30.334668796467735,29.79380534680281
461,interleaved,36,2.0,26.78,2.2067403763515188,2.9894131263922787,-27.58706497045129,-30.57647809684357,29.79380534680281
462,interleaved,37,2.0,0.0,-0.44414923067570555,-2.6508896070272243,-30.237954577478515,-27.58706497045129,29.79380534680281
463,interleaved,38,2.0,26.78,-1.818438594112294,-1.3742893634365885,-31.612243940915103,-30.237954577478515,29.79380534680281
464,interleaved,39,2.0,0.0,-1.579249303238882,0.23918929087341212,-31.37305465004169,-31.612243940915103,29.79380534680281
465,interleaved,40,2.0,0.0,-1.1199365944403752,0.4593127087985067,-30.913741941243185,-31.37305465004169,29.79380534680281
466,interleaved,41,2.0,0.0,-0.44811353493658146,0.6718230595037937,-30.24191888173939,-30.913741941243185,29.79380534680281
467,interleaved,42,2.0,0.0,-5.195021405979915,-4.746907871043334,-34.98882675278273,-30.24191888173939,29.79380534680281
468,interleaved,43,2.0,0.0,-1.583215388541987,3.611806017437928,-31.377020735344797,-34.98882675278273,29.79380534680281
469,interleaved,44,2.0,0.0,0.771805156507753,2.35502054504974,-29.022000190295056,-31.377020735344797,29.79380534680281
470,interleaved,45,2.0,26.78,-2.350580744205814,-3.1223859007135673,-32.14438609100863,-29.022000190295056,29.79380534680281
471,interleaved,46,2.0,0.0,-1.536120353424721,0.8144603907810932,-31.32992570022753,-32.14438609100863,29.79380534680281
472,interleaved,47,2.0,0.0,-1.0660023658501387,0.47011798757458223,-30.859807712652948,-31.32992570022753,29.79380534680281
473,interleaved,48,2.0,26.78,0.05056241094108316,1.116564776791222,-29.743242935861726,-30.859807712652948,29.79380534680281
474,interleaved,49,2.0,0.0,-0.040526868033779806,-0.09108927897486296,-29.83433221483659,-29.743242935861726,29.79380534680281
475,interleaved,50,2.0,0.0,-1.0857260354736695,-1.0451991674398897,-30.87953138227648,-29.83433221483659,29.79380534680281
476,interleaved,51,2.0,26.78,-1.3289725900872185,-0.24324655461354894,-31.122777936890028,-30.87953138227648,29.79380534680281
477,interleaved,52,2.0,0.0,0.8572840507745667,2.186256640861785,-28.936521296028243,-31.122777936890028,29.79380534680281
478,interleaved,53,2.0,26.78,-2.349541660192344,-3.2068257109669105,-32.14334700699516,-28.936521296028243,29.79380534680281
479,interleaved,54,2.0,26.78,-3.343573522886018,-0.9940318626936744,-33.13737886968883,-32.14334700699516,29.79380534680281
480,interleaved,55,2.0,26.78,-0.09787579297673688,3.2456977299092813,-29.891681139779546,-33.13737886968883,29.79380534680281
481,interleaved,56,2.0,0.0,-1.4541959880575206,-1.3563201950807837,-31.24800133486033,-29.891681139779546,29.79380534680281
482,interleaved,57,2.0,26.78,-2.2624974499499473,-0.8083014618924267,-32.05630279675276,-31.24800133486033,29.79380534680281
483,interleaved,58,2.0,0.0,-1.7449243689079026,0.5175730810420447,-31.538729715710712,-32.05630279675276,29.79380534680281
484,interleaved,59,2.0,0.0,1.9588557703675349,3.7037801392754375,-27.834949576435275,-31.538729715710712,29.79380534680281
485,interleaved,60,2.0,26.78,-1.849754293713758,-3.808610064081293,-31.643559640516568,-27.834949576435275,29.79380534680281
486,interleaved,61,2.0,26.78,-4.764448829904666,-2.9146945361909076,-34.55825417670748,-31.643559640516568,29.79380534680281
487,interleaved,62,2.0,0.0,-0.42843145032142615,4.3360173795832395,-30.222236797124236,-34.55825417670748,29.79380534680281
488,interleaved,63,2.0,26.78,1.7398088267263034,2.1682402770477296,-28.053996520076506,-30.222236797124236,29.79380534680281
489,interleaved,64,2.0,0.0,2.0374945971787923,0.2976857704524889,-27.756310749624017,-28.053996520076506,29.79380534680281
490,interleaved,65,2.0,26.78,0.9531899556458114,-1.084304641532981,-28.840615391156998,-27.756310749624017,29.79380534680281
491,interleaved,66,2.0,26.78,-1.1333223432642257,-2.086512298910037,-30.927127690067035,-28.840615391156998,29.79380534680281
492,interleaved,67,2.0,0.0,0.9138212491682367,2.0471435924324624,-28.879984097634573,-30.927127690067035,29.79380534680281
493,interleaved,68,2.0,0.0,-0.7896297307131306,-1.7034509798813673,-30.58343507751594,-28.879984097634573,29.79380534680281
494,interleaved,69,2.0,0.0,0.8795807172808878,1.6692104479940184,-28.91422462952192,-30.58343507751594,29.79380534680281
495,interleaved,70,2.0,0.0,-1.417425558250514,-2.297006275531402,-31.211230905053323,-28.91422462952192,29.79380534680281
496,interleaved,71,2.0,0.0,0.9320768235302808,2.3495023817807947,-28.86172852327253,-31.211230905053323,29.79380534680281
497,interleaved,72,2.0,26.78,-0.9117369251841012,-1.843813748714382,-30.70554227198691,-28.86172852327253,29.79380534680281
498,interleaved,73,2.0,0.0,1.403315092895923,2.3150520180800243,-28.390490253906886,-30.70554227198691,29.79380534680281
499,interleaved,74,2.0,26.78,-0.6801664425593401,-2.083481535455263,-30.47397178936215,-28.390490253906886,29.79380534680281
500,interleaved,75,2.0,0.0,-2.623461907706698,-1.943295465147358,-32.41726725450951,-30.47397178936215,29.79380534680281
501,interleaved,76,2.0,26.78,-0.6034462709986315,2.0200156367080666,-30.39725161780144,-32.41726725450951,29.79380534680281
502,interleaved,77,2.0,26.78,-1.1451270046744355,-0.541680733675804,-30.938932351477245,-30.39725161780144,29.79380534680281
503,interleaved,78,2.0,0.0,0.14972610145154874,1.2948531061259843,-29.64407924535126,-30.938932351477245,29.79380534680281
504,interleaved,79,2.0,26.78,-1.9731355546060314,-2.12286165605758,-31.76694090140884,-29.64407924535126,29.79380534680281
505,interleaved,80,2.0,0.0,-0.2835406130806746,1.6895949415253568,-30.077345959883484,-31.76694090140884,29.79380534680281
506,interleaved,81,2.0,26.78,0.8171479019602401,1.1006885150409147,-28.97665744484257,-30.077345959883484,29.79380534680281
507,interleaved,82,2.0,26.78,-0.09454636559965479,-0.9116942675598949,-29.888351712402464,-28.97665744484257,29.79380534680281
508,interleaved,83,2.0,26.78,1.2236278321221334,1.3181741977217882,-28.570177514680676,-29.888351712402464,29.79380534680281
509,interleaved,84,2.0,26.78,-2.548514727243912,-3.7721425593660456,-32.342320074046725,-28.570177514680676,29.79380534680281
510,interleaved,85,2.0,0.0,-1.1916049642428135,1.3569097630010987,-30.985410311045623,-32.342320074046725,29.79380534680281
511,interleaved,86,2.0,26.78,4.389958539009982,5.581563503252795,-25.403846807792828,-30.985410311045623,29.79380534680281
512,interleaved,87,2.0,0.0,2.5720043954078022,-1.8179541436021793,-27.221800951395007,-25.403846807792828,29.79380534680281
513,interleaved,88,2.0,26.78,3.054479133570368,0.4824747381625656,-26.73932621323244,-27.221800951395007,29.79380534680281
514,interleaved,89,2.0,26.78,2.983544697833935,-0.07093443573643299,-26.810260648968875,-26.73932621323244,29.79380534680281
515,interleaved,90,2.0,0.0,3.5706662634487287,0.5871215656147939,-26.22313908335408,-26.810260648968875,29.79380534680281
516,interleaved,91,2.0,26.78,1.312133054095625,-2.2585332093531036,-28.481672292707184,-26.22313908335408,29.79380534680281
517,interleaved,92,2.0,0.0,1.3744915983912875,0.062358544295662455,-28.419313748411522,-28.481672292707184,29.79380534680281
518,interleaved,93,2.0,0.0,2.4595321334088993,1.0850405350176118,-27.33427321339391,-28.419313748411522,29.79380534680281
519,interleaved,94,2.0,0.0,-1.2461043589576093,-3.7056364923665086,-31.03990970576042,-27.33427321339391,29.79380534680281
520,interleaved,95,2.0,0.0,-2.578731212820415,-1.3326268538628057,-32.37253655962323,-31.03990970576042,29.79380534680281
521,interleaved,96,2.0,0.0,2.338621607161741,4.917352819982156,-27.45518373964107,-32.37253655962323,29.79380534680281
522,interleaved,97,2.0,0.0,-3.0302652147681357,-5.368886821929877,-32.82407056157095,-27.45518373964107,29.79380534680281
523,interleaved,98,2.0,26.78,-2.0973267886861464,0.9329384260819893,-31.891132135488956,-32.82407056157095,29.79380534680281
524,interleaved,99,2.0,26.78,-0.5779675537023792,1.5193592349837672,-30.37177290050519,-31.891132135488956,29.79380534680281
525,interleaved,100,2.0,0.0,1.9980408954943556,2.5760084491967348,-27.795764451308454,-30.37177290050519,29.79380534680281
526,interleaved,101,2.0,0.0,-1.2112803411231567,-3.2093212366175123,-31.005085687925966,-27.795764451308454,29.79380534680281
527,interleaved,102,2.0,26.78,-2.476208439225104,-1.2649280981019473,-32.27001378602792,-31.005085687925966,29.79380534680281
528,interleaved,103,2.0,0.0,-1.6635359898210709,0.8126724494040332,-31.45734133662388,-32.27001378602792,29.79380534680281
529,interleaved,104,2.0,0.0,1.4074383712780474,3.0709743610991183,-28.386366975524762,-31.45734133662388,29.79380534680281
530,interleaved,105,2.0,26.78,1.1822104270491138,-0.22522794422893355,-28.611594919753696,-28.386366975524762,29.79380534680281
531,interleaved,106,2.0,26.78,1.3055882421636227,0.12337781511450885,-28.488217104639187,-28.611594919753696,29.79380534680281
532,interleaved,107,2.0,0.0,-0.32537468894402366,-1.6309629311076463,-30.119180035746833,-28.488217104639187,29.79380534680281
533,interleaved,108,2.0,26.78,2.9642003295295467,3.2895750184735704,-26.829605017273263,-30.119180035746833,29.79380534680281
534,interleaved,109,2.0,0.0,0.8484915904149943,-2.1157087391145524,-28.945313756387815,-26.829605017273263,29.79380534680281
535,interleaved,110,2.0,0.0,5.783150912912177,4.934659322497183,-24.010654433890632,-28.945313756387815,29.79380534680281
536,interleaved,111,2.0,26.78,2.8953099397639193,-2.8878409731482577,-26.89849540703889,-24.010654433890632,29.79380534680281
537,interleaved,112,2.0,26.78,0.2963199478654559,-2.5989899918984634,-29.497485398937354,-26.89849540703889,29.79380534680281
538,interleaved,113,2.0,26.78,2.8400665862566825,2.5437466383912266,-26.953738760546127,-29.497485398937354,29.79380534680281
539,interleaved,114,2.0,26.78,-1.0268133447494137,-3.866879931006096,-30.820618691552223,-26.953738760546127,29.79380534680281
540,interleaved,115,2.0,0.0,4.7306615405549195,5.757474885304333,-25.06314380624789,-30.820618691552223,29.79380534680281
541,interleaved,116,2.0,0.0,0.8276622043427011,-3.9029993362122184,-28.96614314246011,-25.06314380624789,29.79380534680281
542,interleaved,117,2.0,26.78,0.6366292418216375,-0.1910329625210636,-29.157176104981172,-28.96614314246011,29.79380534680281
543,interleaved,118,2.0,26.78,-1.1060189383605348,-1.7426481801821723,-30.899824285163344,-29.157176104981172,29.79380534680281
544,interleaved,119,2.0,26.78,4.0220744457746065,5.128093384135141,-25.771730901028203,-30.899824285163344,29.79380534680281
545,interleaved,120,2.0,0.0,4.229719466199455,0.20764502042484878,-25.564085880603354,-25.771730901028203,29.79380534680281
546,interleaved,121,2.0,0.0,4.260459889322206,0.030740423122750826,-25.533345457480603,-25.564085880603354,29.79380534680281
547,interleaved,122,2.0,0.0,1.6575505933592893,-2.6029092959629168,-28.13625475344352,-25.533345457480603,29.79380534680281
548,interleaved,123,2.0,26.78,0.9623918713012927,-0.6951587220579967,-28.831413475501517,-28.13625475344352,29.79380534680281
549,interleaved,124,2.0,0.0,1.0322923270253312,0.06990045572403858,-28.761513019777478,-28.831413475501517,29.79380534680281
550,interleaved,125,2.0,0.0,0.8808374619964496,-0.1514548650288816,-28.91296788480636,-28.761513019777478,29.79380534680281
551,interleaved,126,2.0,26.78,0.6385754892616688,-0.24226197273478078,-29.15522985754114,-28.91296788480636,29.79380534680281
552,interleaved,127,2.0,0.0,2.325643274288339,1.6870677850266702,-27.46816207251447,-29.15522985754114,29.79380534680281
553,interleaved,128,2.0,0.0,0.9932161938462372,-1.332427080442102,-28.800589152956572,-27.46816207251447,29.79380534680281
554,interleaved,129,2.0,0.0,-1.0407028161992002,-2.0339190100454374,-30.83450816300201,-28.800589152956572,29.79380534680281
555,interleaved,130,2.0,0.0,1.3489444834377764,2.3896472996369766,1.3489444834377764,-30.83450816300201,0.0
556,interleaved,131,3.0,0.0,2.76096786307248,1.4120233796347037,2.76096786307248,1.3489444834377764,0.0
557,interleaved,132,3.0,26.78,0.8543301733269999,-1.9066376897454802,0.8543301733269999,2.76096786307248,0.0
558,interleaved,133,3.0,26.78,2.818984921773321,1.9646547484463213,2.818984921773321,0.8543301733269999,0.0
559,interleaved,134,3.0,26.78,0.8167264151613551,-2.002258506611966,0.8167264151613551,2.818984921773321,0.0
560,interleaved,135,3.0,0.0,0.5996382817427559,-0.21708813341859923,0.5996382817427559,0.8167264151613551,0.0
561,interleaved,136,3.0,0.0,-2.3382448071823774,-2.9378830889251333,-2.3382448071823774,0.5996382817427559,0.0
562,interleaved,137,3.0,26.78,0.6968107384384581,3.0350555456208355,0.6968107384384581,-2.3382448071823774,0.0
563,interleaved,138,3.0,0.0,3.515836994038068,2.81902625559961,3.515836994038068,0.6968107384384581,0.0
564,interleaved,139,3.0,26.78,1.4251231154406412,-2.090713878597427,1.4251231154406412,3.515836994038068,0.0
565,interleaved,140,3.0,0.0,1.5805224382908278,0.15539932285018665,1.5805224382908278,1.4251231154406412,0.0
566,interleaved,141,3.0,26.78,0.01935725150269718,-1.5611651867881307,0.01935725150269718,1.5805224382908278,0.0
567,interleaved,142,3.0,0.0,2.2852686800716384,2.2659114285689412,2.2852686800716384,0.01935725150269718,0.0
568,interleaved,143,3.0,0.0,-0.20472810009387388,-2.4899967801655123,-0.20472810009387388,2.2852686800716384,0.0
569,interleaved,144,3.0,26.78,-0.32743259063121855,-0.12270449053734467,-0.32743259063121855,-0.20472810009387388,0.0
570,interleaved,145,3.0,0.0,-0.3160082220478131,0.011424368583405453,-0.3160082220478131,-0.32743259063121855,0.0
571,interleaved,146,3.0,26.78,1.056625648168776,1.372633870216589,1.056625648168776,-0.3160082220478131,0.0
572,interleaved,147,3.0,0.0,0.09411013918897027,-0.9625155089798056,0.09411013918897027,1.056625648168776,0.0
573,interleaved,148,3.0,0.0,-1.2261411508966091,-1.3202512900855794,-1.2261411508966091,0.09411013918897027,0.0
574,interleaved,149,3.0,0.0,-0.1738225475267967,1.0523186033698124,-0.1738225475267967,-1.2261411508966091,0.0
575,interleaved,150,3.0,26.78,-1.2304469362585309,-1.0566243887317341,-1.2304469362585309,-0.1738225475267967,0.0
576,interleaved,151,3.0,26.78,-0.9544742928643757,0.27597264339415517,-0.9544742928643757,-1.2304469362585309,0.0
577,interleaved,152,3.0,26.78,-0.15404374207042792,0.8004305507939478,-0.15404374207042792,-0.9544742928643757,0.0
578,interleaved,153,3.0,26.78,0.6049696604817143,0.7590134025521422,0.6049696604817143,-0.15404374207042792,0.0
579,interleaved,154,3.0,0.0,0.7240037406130426,0.11903408013132832,0.7240037406130426,0.6049696604817143,0.0
580,interleaved,155,3.0,0.0,3.955097893246915,3.2310941526338723,3.955097893246915,0.7240037406130426,0.0
581,interleaved,156,3.0,0.0,3.017045034262395,-0.9380528589845198,3.017045034262395,3.955097893246915,0.0
582,interleaved,157,3.0,26.78,1.3467215221821505,-1.6703235120802447,1.3467215221821505,3.017045034262395,0.0
583,interleaved,158,3.0,26.78,2.0652397111866065,0.7185181890044561,2.0652397111866065,1.3467215221821505,0.0
584,interleaved,159,3.0,26.78,0.5246574977850713,-1.5405822134015352,0.5246574977850713,2.0652397111866065,0.0
585,interleaved,160,3.0,26.78,-2.4328370957977654,-2.9574945935828367,-2.4328370957977654,0.5246574977850713,0.0
586,interleaved,161,3.0,26.78,1.514255254383798,3.9470923501815633,1.514255254383798,-2.4328370957977654,0.0
587,interleaved,162,3.0,26.78,-0.4713597763639683,-1.9856150307477662,-0.4713597763639683,1.514255254383798,0.0
588,interleaved,163,3.0,0.0,4.142690487757434,4.614050264121403,4.142690487757434,-0.4713597763639683,0.0
589,interleaved,164,3.0,0.0,4.099539892141578,-0.04315059561585599,4.099539892141578,4.142690487757434,0.0
590,interleaved,165,3.0,26.78,4.765772497414218,0.6662326052726399,4.765772497414218,4.099539892141578,0.0
591,interleaved,166,3.0,26.78,4.055849936925057,-0.7099225604891615,4.055849936925057,4.765772497414218,0.0
592,interleaved,167,3.0,0.0,4.404651694295751,0.3488017573706941,4.404651694295751,4.055849936925057,0.0
593,interleaved,168,3.0,26.78,5.555896512559556,1.1512448182638053,5.555896512559556,4.404651694295751,0.0
594,interleaved,169,3.0,26.78,2.186219460406093,-3.369677052153463,2.186219460406093,5.555896512559556,0.0
595,interleaved,170,3.0,26.78,2.0020583993502754,-0.18416106105581775,2.0020583993502754,2.186219460406093,0.0
596,interleaved,171,3.0,0.0,2.1914823665796064,0.18942396722933097,2.1914823665796064,2.0020583993502754,0.0
597,interleaved,172,3.0,0.0,3.0659486542598557,0.8744662876802494,3.0659486542598557,2.1914823665796064,0.0
598,interleaved,173,3.0,26.78,5.218975515441443,2.153026861181587,5.218975515441443,3.0659486542598557,0.0
599,interleaved,174,3.0,26.78,3.628329208029797,-1.590646307411646,3.628329208029797,5.218975515441443,0.0
600,interleaved,175,3.0,0.0,4.978536589089458,1.3502073810596613,4.978536589089458,3.628329208029797,0.0
601,interleaved,176,3.0,0.0,2.01161606983797,-2.966920519251488,2.01161606983797,4.978536589089458,0.0
602,interleaved,177,3.0,26.78,10.80673420544187,8.7951181356039,10.80673420544187,2.01161606983797,0.0
603,interleaved,178,3.0,26.78,4.188476882994081,-6.618257322447789,4.188476882994081,10.80673420544187,0.0
604,interleaved,179,3.0,26.78,3.050690641153892,-1.137786241840189,3.050690641153892,4.188476882994081,0.0
605,interleaved,180,3.0,26.78,4.441415827899846,1.3907251867459536,4.441415827899846,3.050690641153892,0.0
606,interleaved,181,4.0,0.0,3.759435890636084,-0.6819799372637618,3.759435890636084,4.441415827899846,0.0
607,interleaved,182,4.0,0.0,0.20238673724627176,-3.557049153389812,0.20238673724627176,3.759435890636084,0.0
608,interleaved,183,4.0,26.78,0.5384047976701396,0.33601806042386784,0.5384047976701396,0.20238673724627176,0.0
609,interleaved,184,4.0,26.78,1.3389087558344812,0.8005039581643416,1.3389087558344812,0.5384047976701396,0.0
610,interleaved,185,4.0,0.0,2.1259142655181336,0.7870055096836523,2.1259142655181336,1.3389087558344812,0.0
611,interleaved,186,4.0,0.0,0.12449533232479837,-2.001418933193335,0.12449533232479837,2.1259142655181336,0.0
612,interleaved,187,4.0,26.78,2.4812383187823457,2.3567429864575473,2.4812383187823457,0.12449533232479837,0.0
613,interleaved,188,4.0,0.0,5.44835358124125,2.967115262458904,5.44835358124125,2.4812383187823457,0.0
614,interleaved,189,4.0,0.0,4.9173383011963665,-0.5310152800448833,4.9173383011963665,5.44835358124125,0.0
615,interleaved,190,4.0,0.0,-0.21655126193874707,-5.133889563135114,-0.21655126193874707,4.9173383011963665,0.0
616,interleaved,191,4.0,26.78,-1.2403174558018861,-1.023766193863139,-1.2403174558018861,-0.21655126193874707,0.0
617,interleaved,192,4.0,26.78,-0.22463596316516998,1.0156814926367161,-0.22463596316516998,-1.2403174558018861,0.0
618,interleaved,193,4.0,0.0,3.0521155233371786,3.2767514865023486,3.0521155233371786,-0.22463596316516998,0.0
619,interleaved,194,4.0,0.0,0.025382149644244123,-3.0267333736929345,0.025382149644244123,3.0521155233371786,0.0
620,interleaved,195,4.0,26.78,-0.17002440695546284,-0.19540655659970696,-0.17002440695546284,0.025382149644244123,0.0
621,interleaved,196,4.0,0.0,-2.1462497018508486,-1.9762252948953858,-2.1462497018508486,-0.17002440695546284,0.0
622,interleaved,197,4.0,0.0,0.7596602240357981,2.9059099258866468,0.7596602240357981,-2.1462497018508486,0.0
623,interleaved,198,4.0,0.0,-0.1571834789411497,-0.9168437029769478,-0.1571834789411497,0.7596602240357981,0.0
624,interleaved,199,4.0,26.78,-0.9352705414653713,-0.7780870625242216,-0.9352705414653713,-0.1571834789411497,0.0
625,interleaved,200,4.0,0.0,2.0999031091817386,3.03517365064711,2.0999031091817386,-0.9352705414653713,0.0
626,interleaved,201,4.0,26.78,1.3601259669484165,-0.7397771422333221,1.3601259669484165,2.0999031091817386,0.0
627,interleaved,202,4.0,26.78,0.8133655489455975,-0.5467604180028189,0.8133655489455975,1.3601259669484165,0.0
628,interleaved,203,4.0,0.0,0.6973401858185042,-0.11602536312709333,0.6973401858185042,0.8133655489455975,0.0
629,interleaved,204,4.0,0.0,0.20644723508344498,-0.49089295073505923,0.20644723508344498,0.6973401858185042,0.0
630,interleaved,205,4.0,26.78,-1.8540340629541845,-2.0604812980376295,-1.8540340629541845,0.20644723508344498,0.0
631,interleaved,207,4.0,0.0,1.23112489714849,3.0851589601026745,1.23112489714849,-1.8540340629541845,0.0
632,interleaved,208,4.0,0.0,-0.8560861242824842,-2.0872110214309743,-0.8560861242824842,1.23112489714849,0.0
633,interleaved,209,4.0,0.0,-3.37919504750883,-2.5231089232263457,-3.37919504750883,-0.8560861242824842,0.0
634,interleaved,210,4.0,26.78,-0.10200797555476981,3.27718707195406,-0.10200797555476981,-3.37919504750883,0.0
635,interleaved,211,4.0,0.0,1.4423318250445334,1.5443398005993032,1.4423318250445334,-0.10200797555476981,0.0
636,interleaved,212,4.0,26.78,2.5806280381079176,1.1382962130633842,2.5806280381079176,1.4423318250445334,0.0
637,interleaved,213,4.0,0.0,0.11524486549954815,-2.4653831726083695,0.11524486549954815,2.5806280381079176,0.0
638,interleaved,214,4.0,0.0,-0.2558929226556472,-0.3711377881551954,-0.2558929226556472,0.11524486549954815,0.0
639,interleaved,215,4.0,26.78,-0.09010976567216744,0.16578315698347978,-0.09010976567216744,-0.2558929226556472,0.0
640,interleaved,216,4.0,0.0,-0.3295223317752942,-0.23941256610312678,-0.3295223317752942,-0.09010976567216744,0.0
641,interleaved,217,4.0,26.78,1.4798183571822534,1.8093406889575476,1.4798183571822534,-0.3295223317752942,0.0
642,interleaved,218,4.0,0.0,-1.6964025969043632,-3.1762209540866166,-1.6964025969043632,1.4798183571822534,0.0
643,interleaved,219,4.0,26.78,-0.5515287188986804,1.1448738780056829,-0.5515287188986804,-1.6964025969043632,0.0
644,interleaved,220,4.0,26.78,-3.0090728353139724,-2.457544116415292,-3.0090728353139724,-0.5515287188986804,0.0
645,interleaved,221,4.0,0.0,-1.189584673566273,1.8194881617476995,-1.189584673566273,-3.0090728353139724,0.0
646,interleaved,222,4.0,0.0,1.913367007306391,3.102951680872664,1.913367007306391,-1.189584673566273,0.0
647,interleaved,223,4.0,26.78,0.9789471673725672,-0.9344198399338239,0.9789471673725672,1.913367007306391,0.0
648,interleaved,224,4.0,26.78,-1.312157600329158,-2.291104767701725,-1.312157600329158,0.9789471673725672,0.0
649,interleaved,225,4.0,26.78,-0.37556692694352023,0.9365906733856377,-0.37556692694352023,-1.312157600329158,0.0
650,interleaved,226,4.0,26.78,-3.5375555811256874,-3.161988654182167,-3.5375555811256874,-0.37556692694352023,0.0
651,interleaved,227,4.0,26.78,-2.1825453441278597,1.3550102369978276,-2.1825453441278597,-3.5375555811256874,0.0
652,interleaved,228,4.0,26.78,1.4089655621233845,3.5915109062512443,1.4089655621233845,-2.1825453441278597,0.0
653,interleaved,229,4.0,0.0,-0.1591631365596271,-1.5681286986830116,-0.1591631365596271,1.4089655621233845,0.0
654,interleaved,230,4.0,26.78,-0.5624184141732371,-0.40325527761361,-30.356223760976047,-0.1591631365596271,29.79380534680281
655,interleaved,231,5.0,0.0,1.7846419632126214,2.3470603773858585,-28.009163383590188,-30.356223760976047,29.79380534680281
656,interleaved,232,5.0,26.78,-0.9463960463604053,-2.7310380095730267,-30.740201393163215,-28.009163383590188,29.79380534680281
657,interleaved,233,5.0,26.78,-2.5621893351569156,-1.6157932887965103,-32.35599468195973,-30.740201393163215,29.79380534680281
658,interleaved,234,5.0,0.0,0.13044229265507568,2.6926316278119913,-29.663363054147734,-32.35599468195973,29.79380534680281
659,interleaved,235,5.0,26.78,-0.04739754561272491,-0.1778398382678006,-29.841202892415534,-29.663363054147734,29.79380534680281
660,interleaved,236,5.0,26.78,3.01609067844835,3.063488224061075,-26.77771466835446,-29.841202892415534,29.79380534680281
661,interleaved,237,5.0,0.0,0.535062819552607,-2.481027858895743,-29.258742527250202,-26.77771466835446,29.79380534680281
662,interleaved,238,5.0,26.78,0.9357752861405544,0.40071246658794735,-28.858030060662255,-29.258742527250202,29.79380534680281
663,interleaved,239,5.0,0.0,0.2486185763840183,-0.6871567097565361,-29.54518677041879,-28.858030060662255,29.79380534680281
664,interleaved,240,5.0,26.78,-0.8543147089061875,-1.1029332852902058,-30.648120055708997,-29.54518677041879,29.79380534680281
665,interleaved,241,5.0,26.78,0.9012412459659345,1.755555954872122,-28.892564100836875,-30.648120055708997,29.79380534680281
666,interleaved,242,5.0,0.0,0.4149766636249552,-0.48626458234097925,-29.378828683177854,-28.892564100836875,29.79380534680281
667,interleaved,243,5.0,0.0,-2.3449623248068434,-2.7599389884317986,-32.138767671609656,-29.378828683177854,29.79380534680281
668,interleaved,244,5.0,26.78,-2.889009785989728,-0.5440474611828847,-32.68281513279254,-32.138767671609656,29.79380534680281
669,interleaved,245,5.0,0.0,-3.0285434457195066,-0.1395336597297785,-32.82234879252232,-32.68281513279254,29.79380534680281
670,interleaved,246,5.0,0.0,-2.1546264074204657,0.8739170382990409,-31.948431754223275,-32.82234879252232,29.79380534680281
671,interleaved,247,5.0,0.0,-1.455998291825665,0.6986281155948006,-31.249803638628475,-31.948431754223275,29.79380534680281
672,interleaved,248,5.0,0.0,-0.9726420495384929,0.4833562422871722,-30.766447396341302,-31.249803638628475,29.79380534680281
673,interleaved,249,5.0,0.0,-1.9056807850534625,-0.9330387355149696,-31.699486131856272,-30.766447396341302,29.79380534680281
674,interleaved,250,5.0,0.0,-0.3737944427966937,1.5318863422567688,-30.167599789599503,-31.699486131856272,29.79380534680281
675,interleaved,251,5.0,26.78,0.8330269985919614,1.206821441388655,-28.960778348210848,-30.167599789599503,29.79380534680281
676,interleaved,252,5.0,0.0,0.8381144222892658,0.005087423697304416,-28.955690924513544,-28.960778348210848,29.79380534680281
677,interleaved,253,5.0,0.0,0.5780053556505749,-0.26010906663869093,-29.215799991152235,-28.955690924513544,29.79380534680281
678,interleaved,254,5.0,26.78,-1.1497134844257033,-1.7277188400762782,-30.943518831228513,-29.215799991152235,29.79380534680281
679,interleaved,255,5.0,0.0,0.05152096000260542,1.2012344444283087,-29.742284386800204,-30.943518831228513,29.79380534680281
680,interleaved,256,5.0,26.78,1.5955527753955607,1.5440318153929553,-28.19825257140725,-29.742284386800204,29.79380534680281
681,interleaved,257,5.0,26.78,1.4718175644478748,-0.12373521094768591,-28.321987782354935,-28.19825257140725,29.79380534680281
682,interleaved,258,5.0,26.78,1.5003629935711302,0.028545429123255417,-28.29344235323168,-28.321987782354935,29.79380534680281
683,interleaved,259,5.0,26.78,-0.35391958865275797,-1.8542825822238882,-30.147724935455567,-28.29344235323168,29.79380534680281
684,interleaved,260,5.0,26.78,1.25666018392171,1.610579772574468,-28.5371451628811,-30.147724935455567,29.79380534680281
685,interleaved,261,5.0,26.78,-1.245943348451334,-2.502603532373044,-31.039748695254143,-28.5371451628811,29.79380534680281
686,interleaved,262,5.0,0.0,4.972084454315976,6.21802780276731,-24.821720892486834,-31.039748695254143,29.79380534680281
687,interleaved,263,5.0,26.78,0.21020986978837186,-4.761874584527604,-29.583595477014438,-24.821720892486834,29.79380534680281
688,interleaved,264,5.0,0.0,-0.42374589212171543,-0.6339557619100873,-30.217551238924525,-29.583595477014438,29.79380534680281
689,interleaved,265,5.0,0.0,-1.1065191302146502,-0.6827732380929348,-30.90032447701746,-30.217551238924525,29.79380534680281
690,interleaved,266,5.0,0.0,0.5936555409865178,1.700174671201168,-29.20014980581629,-30.90032447701746,29.79380534680281
691,interleaved,267,5.0,0.0,0.24172668266587038,-0.35192885832064746,-29.55207866413694,-29.20014980581629,29.79380534680281
692,interleaved,268,5.0,0.0,-0.9835122355395214,-1.2252389182053918,-30.77731758234233,-29.55207866413694,29.79380534680281
693,interleaved,269,5.0,0.0,0.4801552497321211,1.4636674852716425,-29.31365009707069,-30.77731758234233,29.79380534680281
694,interleaved,270,5.0,0.0,-1.7688312091085692,-2.2489864588406903,-31.56263655591138,-29.31365009707069,29.79380534680281
695,interleaved,271,5.0,26.78,-0.9474797777742054,0.8213514313343637,-30.741285124577015,-31.56263655591138,29.79380534680281
696,interleaved,272,5.0,0.0,-0.6674941524328233,0.27998562534138216,-30.461299499235633,-30.741285124577015,29.79380534680281
697,interleaved,273,5.0,0.0,-0.0007773019332688591,0.6667168504995544,-29.79458264873608,-30.461299499235633,29.79380534680281
698,interleaved,274,5.0,26.78,-0.027049547506862837,-0.026272245573593977,-29.820854894309672,-29.79458264873608,29.79380534680281
699,interleaved,275,5.0,0.0,-1.1940631881058579,-1.167013640598995,-30.987868534908667,-29.820854894309672,29.79380534680281
700,interleaved,276,5.0,26.78,4.58165595081438,5.775719138920238,-25.21214939598843,-30.987868534908667,29.79380534680281
701,interleaved,277,5.0,26.78,0.8442836863180077,-3.737372264496372,-28.949521660484802,-25.21214939598843,29.79380534680281
702,interleaved,278,5.0,26.78,0.4084391878807878,-0.43584449843721984,-29.38536615892202,-28.949521660484802,29.79380534680281
703,interleaved,279,5.0,0.0,0.06423952717393888,-0.34419966070684893,-29.72956581962887,-29.38536615892202,29.79380534680281
704,interleaved,280,5.0,26.78,-2.436061455868625,-2.500300983042564,-32.22986680267144,-29.72956581962887,29.79380534680281
705,interleaved,281,5.0,26.78,0.9863608012787068,3.422422257147332,-28.807444545524103,-32.22986680267144,29.79380534680281
706,interleaved,282,5.0,0.0,2.3776968102361735,1.3913360089574667,-27.416108536566636,-28.807444545524103,29.79380534680281
707,interleaved,283,5.0,0.0,3.4752428254895165,1.097546015253343,-26.318562521313293,-27.416108536566636,29.79380534680281
708,interleaved,284,5.0,26.78,-27.761478882758738,-31.236721708248254,-57.55528422956155,-26.318562521313293,29.79380534680281
709,interleaved,285,5.0,26.78,1.2620505109636753,29.023529393722413,-28.531754835839134,-57.55528422956155,29.79380534680281
710,interleaved,286,5.0,0.0,2.2582541686974054,0.9962036577337301,-27.535551178105404,-28.531754835839134,29.79380534680281
711,interleaved,287,5.0,0.0,-0.04904951345602626,-2.3073036821534316,-29.842854860258836,-27.535551178105404,29.79380534680281
712,interleaved,288,5.0,0.0,0.7164038868712055,0.7654534003272317,-29.077401459931604,-29.842854860258836,29.79380534680281
713,interleaved,289,5.0,26.78,5.623125815521249,4.906721928650043,-24.17067953128156,-29.077401459931604,29.79380534680281
714,interleaved,290,5.0,26.78,-1.2830213641758377,-6.906147179697086,-31.076826710978647,-24.17067953128156,29.79380534680281
715,interleaved,291,5.0,0.0,-0.018722433068234068,1.2642989311076036,-29.812527779871044,-31.076826710978647,29.79380534680281
716,interleaved,292,5.0,26.78,-0.31531447804056256,-0.2965920449723285,-30.109119824843372,-29.812527779871044,29.79380534680281
717,interleaved,293,5.0,0.0,0.08140393014294034,0.3967184081835029,-29.71240141665987,-30.109119824843372,29.79380534680281
718,interleaved,294,5.0,26.78,3.7236031676848143,3.642199237541874,-26.070202179117995,-29.71240141665987,29.79380534680281
719,interleaved,295,5.0,0.0,-3.470218779017543,-7.193821946702357,-33.264024125820356,-26.070202179117995,29.79380534680281
720,interleaved,296,5.0,26.78,1.6787556562952233,5.148974435312766,-28.115049690507586,-33.264024125820356,29.79380534680281
721,interleaved,297,5.0,0.0,-0.7200967430399601,-2.3988523993351833,-30.51390208984277,-28.115049690507586,29.79380534680281
722,interleaved,298,5.0,0.0,-0.47427021922035806,0.24582652381960202,-30.268075566023168,-30.51390208984277,29.79380534680281
723,interleaved,299,5.0,26.78,1.6154733641787402,2.0897435833990983,-28.17833198262407,-30.268075566023168,29.79380534680281
724,interleaved,300,5.0,26.78,-1.381122413496925,-2.9965957776756653,-31.174927760299735,-28.17833198262407,29.79380534680281
725,interleaved,301,5.0,0.0,-1.9170450544968674,-0.5359226409999422,-31.710850401299677,-31.174927760299735,29.79380534680281
726,interleaved,302,5.0,0.0,-1.4322939774881007,0.48475107700876663,-31.22609932429091,-31.710850401299677,29.79380534680281
727,interleaved,303,5.0,26.78,-1.5201757458141714,-0.08788176832607064,-31.31398109261698,-31.22609932429091,29.79380534680281
728,interleaved,304,5.0,0.0,-1.1187287508554675,0.40144699495870384,-30.912534097658277,-31.31398109261698,29.79380534680281
729,interleaved,305,5.0,26.78,-1.1878740616353411,-0.06914531077987363,-30.98167940843815,-30.912534097658277,29.79380534680281
730,interleaved,306,5.0,0.0,-0.6915597524558166,0.49631430917952457,-30.485365099258626,-30.98167940843815,29.79380534680281
731,interleaved,307,5.0,0.0,-2.072876944209611,-1.3813171917537943,-31.86668229101242,-30.485365099258626,29.79380534680281
732,interleaved,308,5.0,0.0,2.3471337211581442,4.420010665367755,-27.446671625644665,-31.86668229101242,29.79380534680281
733,interleaved,309,5.0,26.78,-1.096836522003116,-3.44397024316126,-30.890641868805925,-27.446671625644665,29.79380534680281
734,interleaved,310,5.0,26.78,-3.0068127301976375,-1.9099762081945215,-32.80061807700045,-30.890641868805925,29.79380534680281
735,interleaved,311,5.0,26.78,-2.331369743402661,0.6754429867949767,-32.125175090205474,-32.80061807700045,29.79380534680281
736,interleaved,312,5.0,0.0,1.9121980994432874,4.243567842845948,-27.881607247359522,-32.125175090205474,29.79380534680281
737,interleaved,313,5.0,26.78,-3.4046016189583383,-5.316799718401626,-33.19840696576115,-27.881607247359522,29.79380534680281
738,interleaved,314,5.0,0.0,0.7591264504907116,4.16372806944905,-29.034678896312098,-33.19840696576115,29.79380534680281
739,interleaved,315,5.0,26.78,-0.5698004092428732,-1.3289268597335848,-30.363605756045683,-29.034678896312098,29.79380534680281
740,interleaved,316,5.0,0.0,-3.4375431300107806,-2.8677427207679074,-33.231348476813594,-30.363605756045683,29.79380534680281
741,interleaved,317,5.0,0.0,-2.9298518388378483,0.5076912911729323,-32.72365718564066,-33.231348476813594,29.79380534680281
742,interleaved,318,5.0,0.0,0.616152409527885,3.5460042483657332,-29.177652937274924,-32.72365718564066,29.79380534680281
743,interleaved,319,5.0,26.78,1.012093940712873,0.3959415311849881,-28.781711406089936,-29.177652937274924,29.79380534680281
744,interleaved,320,5.0,26.78,0.45063605662198825,-0.5614578840908848,-29.34316929018082,-28.781711406089936,29.79380534680281
745,interleaved,321,5.0,0.0,0.8170138242819718,0.36637776765998353,-28.976791522520838,-29.34316929018082,29.79380534680281
746,interleaved,322,5.0,0.0,-0.39294780998977785,-1.2099616342717496,-30.186753156792587,-28.976791522520838,29.79380534680281
747,interleaved,323,5.0,0.0,-1.8649511740875084,-1.4720033640977306,-31.658756520890318,-30.186753156792587,29.79380534680281
748,interleaved,324,5.0,0.0,-1.0514723893695503,0.8134787847179581,-30.84527773617236,-31.658756520890318,29.79380534680281
749,interleaved,325,5.0,26.78,2.3611050236645497,3.4125774130341,-27.43270032313826,-30.84527773617236,29.79380534680281
750,interleaved,326,5.0,0.0,0.5956428265604643,-1.7654621971040854,-29.198162520242345,-27.43270032313826,29.79380534680281
751,interleaved,327,5.0,26.78,-1.7614079176605344,-2.3570507442209987,-31.555213264463344,-29.198162520242345,29.79380534680281
752,interleaved,328,5.0,26.78,-1.722376131667815,0.03903178599271939,-31.516181478470624,-31.555213264463344,29.79380534680281
753,interleaved,329,5.0,0.0,-2.491705251759498,-0.7693291200916832,-32.28551059856231,-31.516181478470624,29.79380534680281
754,interleaved,330,5.0,26.78,-2.2478965926393073,0.2438086591201909,-2.2478965926393073,-32.28551059856231,0.0
755,interleaved,331,6.0,0.0,-0.8885148943493419,1.3593816982899654,-0.8885148943493419,-2.2478965926393073,0.0
756,interleaved,332,6.0,0.0,-0.14696561298852373,0.7415492813608182,-0.14696561298852373,-0.8885148943493419,0.0
757,interleaved,333,6.0,26.78,1.7074854256164542,1.854451038604978,1.7074854256164542,-0.14696561298852373,0.0
758,interleaved,334,6.0,0.0,0.9413864066346349,-0.7660990189818193,0.9413864066346349,1.7074854256164542,0.0
759,interleaved,335,6.0,26.78,3.3170977092184017,2.375711302583767,3.3170977092184017,0.9413864066346349,0.0
760,interleaved,336,6.0,0.0,-2.1775107651994006,-5.494608474417802,-2.1775107651994006,3.3170977092184017,0.0
761,interleaved,337,6.0,26.78,0.9892074938169912,3.166718259016392,0.9892074938169912,-2.1775107651994006,0.0
762,interleaved,338,6.0,26.78,-0.09332070650224011,-1.0825282003192314,-0.09332070650224011,0.9892074938169912,0.0
763,interleaved,339,6.0,0.0,-0.03192298182212028,0.061397724680119836,-0.03192298182212028,-0.09332070650224011,0.0
764,interleaved,340,6.0,26.78,2.044314812838465,2.0762377946605852,2.044314812838465,-0.03192298182212028,0.0
765,interleaved,341,6.0,0.0,0.13292694392671933,-1.9113878689117456,0.13292694392671933,2.044314812838465,0.0
766,interleaved,342,6.0,26.78,2.0775133164661526,1.9445863725394332,2.0775133164661526,0.13292694392671933,0.0
767,interleaved,343,6.0,0.0,-0.03693300394154164,-2.114446320407694,-0.03693300394154164,2.0775133164661526,0.0
768,interleaved,344,6.0,0.0,0.5212105039448005,0.5581435078863421,0.5212105039448005,-0.03693300394154164,0.0
769,interleaved,345,6.0,0.0,-0.18039313990450978,-0.7016036438493103,-0.18039313990450978,0.5212105039448005,0.0
770,interleaved,346,6.0,0.0,-1.9767781121173158,-1.796384972212806,-1.9767781121173158,-0.18039313990450978,0.0
771,interleaved,347,6.0,0.0,-2.326646101497417,-0.3498679893801011,-2.326646101497417,-1.9767781121173158,0.0
772,interleaved,348,6.0,0.0,-0.523071754770541,1.8035743467268759,-0.523071754770541,-2.326646101497417,0.0
773,interleaved,349,6.0,0.0,-3.1638913487604157,-2.6408195939898746,-3.1638913487604157,-0.523071754770541,0.0
774,interleaved,350,6.0,26.78,-1.3894812689312914,1.7744100798291242,-1.3894812689312914,-3.1638913487604157,0.0
775,interleaved,351,6.0,26.78,-1.2597860439199877,0.1296952250113037,-1.2597860439199877,-1.3894812689312914,0.0
776,interleaved,352,6.0,26.78,-0.8941959496450664,0.3655900942749213,-0.8941959496450664,-1.2597860439199877,0.0
777,interleaved,353,6.0,0.0,-3.584551836814498,-2.6903558871694315,-3.584551836814498,-0.8941959496450664,0.0
778,interleaved,354,6.0,26.78,-2.3752203280909896,1.2093315087235084,-2.3752203280909896,-3.584551836814498,0.0
779,interleaved,355,6.0,26.78,-0.4437485431085406,1.931471784982449,-0.4437485431085406,-2.3752203280909896,0.0
780,interleaved,356,6.0,26.78,-0.628384683366221,-0.18463614025768038,-0.628384683366221,-0.4437485431085406,0.0
781,interleaved,357,6.0,0.0,-4.458953531860587,-3.830568848494366,-4.458953531860587,-0.628384683366221,0.0
782,interleaved,358,6.0,0.0,-2.495419702407162,1.963533829453425,-2.495419702407162,-4.458953531860587,0.0
783,interleaved,359,6.0,26.78,-0.783441095319418,1.7119786070877439,-0.783441095319418,-2.495419702407162,0.0
784,interleaved,360,6.0,26.78,-1.7341289602753847,-0.9506878649559667,-1.7341289602753847,-0.783441095319418,0.0
785,interleaved,361,6.0,0.0,-0.8104746047852416,0.9236543554901431,-0.8104746047852416,-1.7341289602753847,0.0
786,interleaved,362,6.0,0.0,0.08562915729868337,0.896103762083925,0.08562915729868337,-0.8104746047852416,0.0
787,interleaved,363,6.0,0.0,0.5092003625748305,0.4235712052761471,0.5092003625748305,0.08562915729868337,0.0
788,interleaved,364,6.0,0.0,-0.06867670556837879,-0.5778770681432093,-0.06867670556837879,0.5092003625748305,0.0
789,interleaved,365,6.0,0.0,1.4896297076573006,1.5583064132256794,1.4896297076573006,-0.06867670556837879,0.0
790,interleaved,366,6.0,26.78,-4.180548036530368,-5.670177744187669,-4.180548036530368,1.4896297076573006,0.0
791,interleaved,367,6.0,0.0,-1.9342756897135587,2.2462723468168093,-1.9342756897135587,-4.180548036530368,0.0
792,interleaved,368,6.0,26.78,-2.0547220191106703,-0.12044632939711164,-2.0547220191106703,-1.9342756897135587,0.0
793,interleaved,369,6.0,0.0,-0.15952944076202868,1.8951925783486416,-0.15952944076202868,-2.0547220191106703,0.0
794,interleaved,370,6.0,26.78,-1.277366311495868,-1.1178368707338393,-1.277366311495868,-0.15952944076202868,0.0
795,interleaved,371,6.0,0.0,-5.650591173217791,-4.373224861721923,-5.650591173217791,-1.277366311495868,0.0
796,interleaved,372,6.0,26.78,-5.3336196869333605,0.31697148628443017,-5.3336196869333605,-5.650591173217791,0.0
797,interleaved,373,6.0,0.0,-4.572898501399379,0.7607211855339813,-4.572898501399379,-5.3336196869333605,0.0
798,interleaved,374,6.0,0.0,0.6093761874207928,5.182274688820172,0.6093761874207928,-4.572898501399379,0.0
799,interleaved,375,6.0,0.0,-1.4972627222459636,-2.1066389096667564,-1.4972627222459636,0.6093761874207928,0.0
800,interleaved,376,6.0,26.78,-0.10036911823412709,1.3968936040118365,-0.10036911823412709,-1.4972627222459636,0.0
801,interleaved,377,6.0,26.78,-2.2660720266953263,-2.165702908461199,-2.2660720266953263,-0.10036911823412709,0.0
802,interleaved,378,6.0,0.0,-0.16083420442404872,2.1052378222712775,-0.16083420442404872,-2.2660720266953263,0.0
803,interleaved,379,6.0,0.0,1.9850808535584008,2.1459150579824495,1.9850808535584008,-0.16083420442404872,0.0
804,interleaved,380,6.0,0.0,-0.21815909533512468,-2.2032399488935255,-0.21815909533512468,1.9850808535584008,0.0
805,interleaved,381,7.0,26.78,-3.5428444378175072,-3.3246853424823826,-3.5428444378175072,-0.21815909533512468,0.0
806,interleaved,382,7.0,0.0,-0.425397816526484,3.1174466212910232,-0.425397816526484,-3.5428444378175072,0.0
807,interleaved,383,7.0,0.0,-0.018902244286309156,0.40649557224017485,-0.018902244286309156,-0.425397816526484,0.0
808,interleaved,384,7.0,0.0,0.07217856288207258,0.09108080716838174,0.07217856288207258,-0.018902244286309156,0.0
809,interleaved,385,7.0,26.78,-0.7996580828520337,-0.8718366457341062,-0.7996580828520337,0.07217856288207258,0.0
810,interleaved,386,7.0,26.78,2.7988372407654083,3.598495323617442,2.7988372407654083,-0.7996580828520337,0.0
811,interleaved,387,7.0,26.78,0.02159663957831981,-2.7772406011870885,0.02159663957831981,2.7988372407654083,0.0
812,interleaved,388,7.0,0.0,-2.4643336328865075,-2.4859302724648273,-2.4643336328865075,0.02159663957831981,0.0
813,interleaved,389,7.0,0.0,0.006810457714991003,2.4711440906014985,0.006810457714991003,-2.4643336328865075,0.0
814,interleaved,390,7.0,26.78,0.6023481402483384,0.5955376825333474,0.6023481402483384,0.006810457714991003,0.0
815,interleaved,391,7.0,0.0,2.7533117699481693,2.150963629699831,2.7533117699481693,0.6023481402483384,0.0
816,interleaved,392,7.0,0.0,-2.3409067793360236,-5.094218549284193,-2.3409067793360236,2.7533117699481693,0.0
817,interleaved,393,7.0,0.0,0.9710460851140681,3.3119528644500917,0.9710460851140681,-2.3409067793360236,0.0
818,interleaved,394,7.0,0.0,2.291945641465631,1.3208995563515629,2.291945641465631,0.9710460851140681,0.0
819,interleaved,395,7.0,0.0,0.2445988643280117,-2.0473467771376193,0.2445988643280117,2.291945641465631,0.0
820,interleaved,396,7.0,26.78,1.1127983331018783,0.8681994687738666,1.1127983331018783,0.2445988643280117,0.0
821,interleaved,397,7.0,26.78,-0.6460930316989817,-1.75889136480086,-0.6460930316989817,1.1127983331018783,0.0
822,interleaved,398,7.0,26.78,-0.19625488441380412,0.44983814728517757,-0.19625488441380412,-0.6460930316989817,0.0
823,interleaved,399,7.0,0.0,-1.0599363174123937,-0.8636814329985896,-1.0599363174123937,-0.19625488441380412,0.0
824,interleaved,400,7.0,26.78,-0.5233745661366527,0.536561751275741,-0.5233745661366527,-1.0599363174123937,0.0
825,interleaved,401,7.0,26.78,-3.9937602026005266,-3.470385636463874,-3.9937602026005266,-0.5233745661366527,0.0
826,interleaved,402,7.0,0.0,0.2675152432352661,4.261275445835793,0.2675152432352661,-3.9937602026005266,0.0
827,interleaved,403,7.0,0.0,0.5509348288587148,0.2834195856234487,0.5509348288587148,0.2675152432352661,0.0
828,interleaved,404,7.0,26.78,-2.345052601211208,-2.8959874300699227,-2.345052601211208,0.5509348288587148,0.0
829,interleaved,405,7.0,0.0,-1.6680068101024972,0.6770457911087107,-1.6680068101024972,-2.345052601211208,0.0
830,interleaved,406,7.0,0.0,-1.7720719401419842,-0.10406513003948703,-1.7720719401419842,-1.6680068101024972,0.0
831,interleaved,407,7.0,0.0,4.310968703190639,6.083040643332623,4.310968703190639,-1.7720719401419842,0.0
832,interleaved,408,7.0,26.78,2.294246457284146,-2.016722245906493,2.294246457284146,4.310968703190639,0.0
833,interleaved,409,7.0,26.78,2.9784943517641977,0.6842478944800519,2.9784943517641977,2.294246457284146,0.0
834,interleaved,410,7.0,26.78,5.395668805940943,2.4171744541767453,5.395668805940943,2.9784943517641977,0.0
835,interleaved,411,7.0,26.78,1.5917882900746747,-3.8038805158662683,1.5917882900746747,5.395668805940943,0.0
836,interleaved,412,7.0,0.0,0.9244326812542312,-0.6673556088204435,0.9244326812542312,1.5917882900746747,0.0
837,interleaved,413,7.0,0.0,-3.1521597806092387,-4.07659246186347,-3.1521597806092387,0.9244326812542312,0.0
838,interleaved,414,7.0,26.78,-0.2653199914246329,2.886839789184606,-0.2653199914246329,-3.1521597806092387,0.0
839,interleaved,415,7.0,0.0,-0.06983522133168663,0.1954847700929463,-0.06983522133168663,-0.2653199914246329,0.0
840,interleaved,416,7.0,26.78,0.4098038021002566,0.4796390234319432,0.4098038021002566,-0.06983522133168663,0.0
841,interleaved,417,7.0,26.78,-1.682339408303477,-2.0921432104037336,-1.682339408303477,0.4098038021002566,0.0
842,interleaved,418,7.0,26.78,-1.177688555149814,0.5046508531536631,-1.177688555149814,-1.682339408303477,0.0
843,interleaved,419,7.0,26.78,4.168105333322728,5.345793888472542,4.168105333322728,-1.177688555149814,0.0
844,interleaved,420,7.0,0.0,0.23936437011681733,-3.928740963205911,0.23936437011681733,4.168105333322728,0.0
845,interleaved,421,7.0,26.78,0.6261024083270854,0.3867380382102681,0.6261024083270854,0.23936437011681733,0.0
846,interleaved,422,7.0,0.0,1.510518627185192,0.8844162188581066,1.510518627185192,0.6261024083270854,0.0
847,interleaved,423,7.0,26.78,1.96326493235685,0.45274630517165804,1.96326493235685,1.510518627185192,0.0
848,interleaved,424,7.0,0.0,4.2063977578063,2.2431328254494503,4.2063977578063,1.96326493235685,0.0
849,interleaved,425,7.0,0.0,0.28118222521216296,-3.9252155325941374,0.28118222521216296,4.2063977578063,0.0
850,interleaved,426,7.0,0.0,1.141395878218276,0.8602136530061131,1.141395878218276,0.28118222521216296,0.0
851,interleaved,427,7.0,26.78,-0.2258884903141336,-1.3672843685324096,-0.2258884903141336,1.141395878218276,0.0
852,interleaved,428,7.0,0.0,-2.3663877436834184,-2.140499253369285,-2.3663877436834184,-0.2258884903141336,0.0
853,interleaved,429,7.0,0.0,3.1207061795585815,5.487093923242,3.1207061795585815,-2.3663877436834184,0.0
