,condition,subject,block,level_3,p,nll,bic,model
0,new_learn,2,2,0,51.75374372271442,101.93693483769337,213.08421004736292,nll_unix_0
1,new_learn,2,2,1,38.754103807813124,101.93693483769337,213.08421004736292,nll_unix_0
2,new_learn,2,2,0,54.30309446957898,56.47792259189339,122.16618555576297,nll_unix_1
3,new_learn,2,2,1,30.190396501967598,56.47792259189339,122.16618555576297,nll_unix_1
4,new_learn,2,2,0,51.77845555330113,68.54292982926741,146.296200030511,nll_uniy_0
5,new_learn,2,2,1,38.737636378076544,68.54292982926741,146.296200030511,nll_uniy_0
6,new_learn,2,2,0,54.48664941285578,96.57903305786365,202.36840648770348,nll_uniy_1
7,new_learn,2,2,1,38.75582917019625,96.57903305786365,202.36840648770348,nll_uniy_1
8,new_learn,2,2,0,-0.8712474396148316,45.525364566400825,104.86623969076592,nll_glc_0
9,new_learn,2,2,1,21.211533773355036,45.525364566400825,104.86623969076592,nll_glc_0
10,new_learn,2,2,2,18.26553650080532,45.525364566400825,104.86623969076592,nll_glc_0
11,new_learn,2,2,0,0.9999999587998267,56.4936624923144,126.80283554259307,nll_glc_1
12,new_learn,2,2,1,-53.88266517684731,56.4936624923144,126.80283554259307,nll_glc_1
13,new_learn,2,2,2,29.74694582903344,56.4936624923144,126.80283554259307,nll_glc_1
14,new_learn,2,6,0,30.25443935080515,38.40813109390004,86.02660255977626,nll_unix_0
15,new_learn,2,6,1,16.97150403990806,38.40813109390004,86.02660255977626,nll_unix_0
16,new_learn,2,6,0,70.28549388744287,103.55023749556806,216.31081536311228,nll_unix_1
17,new_learn,2,6,1,35.4764956900707,103.55023749556806,216.31081536311228,nll_unix_1
18,new_learn,2,6,0,22.936927045266064,77.82845640756452,164.8672531871052,nll_uniy_0
19,new_learn,2,6,1,35.47546074804251,77.82845640756452,164.8672531871052,nll_uniy_0
20,new_learn,2,6,0,69.64607104242737,59.76153282281085,128.73340601759787,nll_uniy_1
21,new_learn,2,6,1,35.47467383807097,59.76153282281085,128.73340601759787,nll_uniy_1
22,new_learn,2,6,0,0.9999982294761711,38.42310688319259,90.66172432434945,nll_glc_0
23,new_learn,2,6,1,-30.425618163816488,38.42310688319259,90.66172432434945,nll_glc_0
24,new_learn,2,6,2,16.986564799463384,38.42310688319259,90.66172432434945,nll_glc_0
25,new_learn,2,6,0,-0.9930337099953639,37.91150182337141,89.63851420470709,nll_glc_1
26,new_learn,2,6,1,24.52698561799131,37.91150182337141,89.63851420470709,nll_glc_1
27,new_learn,2,6,2,17.082592203310355,37.91150182337141,89.63851420470709,nll_glc_1
28,new_learn,4,2,0,73.63226790024278,88.46808281112229,186.14650599422075,nll_unix_0
29,new_learn,4,2,1,36.65557878449589,88.46808281112229,186.14650599422075,nll_unix_0
30,new_learn,4,2,0,25.43692394510121,50.130968217013475,109.47227680600314,nll_unix_1
31,new_learn,4,2,1,36.59699896179377,50.130968217013475,109.47227680600314,nll_unix_1
32,new_learn,4,2,0,75.19579508695114,52.88314096909433,114.97662231016484,nll_uniy_0
33,new_learn,4,2,1,36.65383871796253,52.88314096909433,114.97662231016484,nll_uniy_0
34,new_learn,4,2,0,28.07642419369141,88.22927116396504,185.66888269990625,nll_uniy_1
35,new_learn,4,2,1,36.655166876432006,88.22927116396504,185.66888269990625,nll_uniy_1
36,new_learn,4,2,0,-0.7774412215823134,37.84540260509971,89.50631576816369,nll_glc_0
37,new_learn,4,2,1,-9.39135431753835,37.84540260509971,89.50631576816369,nll_glc_0
38,new_learn,4,2,2,19.749092591254406,37.84540260509971,89.50631576816369,nll_glc_0
39,new_learn,4,2,0,0.9999997730349708,50.14677080236807,114.10905216270041,nll_glc_1
40,new_learn,4,2,1,-25.02687394728235,50.14677080236807,114.10905216270041,nll_glc_1
41,new_learn,4,2,2,36.62834441518656,50.14677080236807,114.10905216270041,nll_glc_1
42,new_learn,4,6,0,46.81197527426089,90.6001998547885,190.41074008155317,nll_unix_0
43,new_learn,4,6,1,39.1623075791061,90.6001998547885,190.41074008155317,nll_unix_0
44,new_learn,4,6,0,46.71268587719095,74.29587474303241,157.802089858041,nll_unix_1
45,new_learn,4,6,1,39.157131002954316,74.29587474303241,157.802089858041,nll_unix_1
46,new_learn,4,6,0,48.05490067301604,80.51454220073218,170.23942477344053,nll_uniy_0
47,new_learn,4,6,1,39.165115583714204,80.51454220073218,170.23942477344053,nll_uniy_0
48,new_learn,4,6,0,47.27803525064306,79.11318027221859,167.43670091641334,nll_uniy_1
49,new_learn,4,6,1,39.16617479178859,79.11318027221859,167.43670091641334,nll_uniy_1
50,new_learn,4,6,0,-0.9999996157253553,74.30292837107908,162.42136730012243,nll_glc_0
51,new_learn,4,6,1,46.42576939598087,74.30292837107908,162.42136730012243,nll_glc_0
52,new_learn,4,6,2,39.16051985062163,74.30292837107908,162.42136730012243,nll_glc_0
53,new_learn,4,6,0,0.7809662320868256,70.3554953936365,154.52650134523728,nll_glc_1
54,new_learn,4,6,1,-66.60138244039959,70.3554953936365,154.52650134523728,nll_glc_1
55,new_learn,4,6,2,39.151945255433716,70.3554953936365,154.52650134523728,nll_glc_1
56,new_learn,6,2,0,59.707321114152045,104.22683592528168,217.66401222253953,nll_unix_0
57,new_learn,6,2,1,37.78420558956434,104.22683592528168,217.66401222253953,nll_unix_0
58,new_learn,6,2,0,49.36360139465197,50.934133320782635,111.07860701354146,nll_unix_1
59,new_learn,6,2,1,26.716175335425667,50.934133320782635,111.07860701354146,nll_unix_1
60,new_learn,6,2,0,58.32549345714291,48.37482907586788,105.95999852371195,nll_uniy_0
61,new_learn,6,2,1,25.166504126383927,48.37482907586788,105.95999852371195,nll_uniy_0
62,new_learn,6,2,0,48.48834848574898,107.39184591164815,223.99403219527247,nll_uniy_1
63,new_learn,6,2,1,37.78430969266998,107.39184591164815,223.99403219527247,nll_uniy_1
64,new_learn,6,2,0,-0.7097069537622729,11.65969251877377,37.134895595511814,nll_glc_0
65,new_learn,6,2,1,-3.3087088536861344,11.65969251877377,37.134895595511814,nll_glc_0
66,new_learn,6,2,2,8.16720591048248,11.65969251877377,37.134895595511814,nll_glc_0
67,new_learn,6,2,0,0.9999999839069058,50.94330808105558,115.70212672007543,nll_glc_1
68,new_learn,6,2,1,-49.40635914619161,50.94330808105558,115.70212672007543,nll_glc_1
69,new_learn,6,2,2,26.954748653696612,50.94330808105558,115.70212672007543,nll_glc_1
70,new_learn,6,6,0,46.78961877592526,64.01157250792383,137.23348538782383,nll_unix_0
71,new_learn,6,6,1,39.10991400181502,64.01157250792383,137.23348538782383,nll_unix_0
72,new_learn,6,6,0,60.23335270253103,83.09844441403874,175.40722920005365,nll_unix_1
73,new_learn,6,6,1,39.10986433296081,83.09844441403874,175.40722920005365,nll_unix_1
74,new_learn,6,6,0,44.123205853798375,46.68688414034042,102.58410865265702,nll_uniy_0
75,new_learn,6,6,1,23.552305815326186,46.68688414034042,102.58410865265702,nll_uniy_0
76,new_learn,6,6,0,54.03898379816421,95.51431954252067,200.2389794570175,nll_uniy_1
77,new_learn,6,6,1,39.10629886075951,95.51431954252067,200.2389794570175,nll_uniy_1
78,new_learn,6,6,0,0.43809699980995775,39.61853210119174,93.05257476034775,nll_glc_0
79,new_learn,6,6,1,-63.99469073260563,39.61853210119174,93.05257476034775,nll_glc_0
80,new_learn,6,6,2,17.467613784921273,39.61853210119174,93.05257476034775,nll_glc_0
81,new_learn,6,6,0,-0.9999999831263701,64.020706718645,141.85692399525428,nll_glc_1
82,new_learn,6,6,1,46.56166442621577,64.020706718645,141.85692399525428,nll_glc_1
83,new_learn,6,6,2,39.09475790943657,64.020706718645,141.85692399525428,nll_glc_1
84,new_learn,8,2,0,56.10869598005228,101.36002856855325,211.93039750908267,nll_unix_0
85,new_learn,8,2,1,37.413723771530755,101.36002856855325,211.93039750908267,nll_unix_0
86,new_learn,8,2,0,46.54135931442177,62.303657913915266,133.81765619980672,nll_unix_1
87,new_learn,8,2,1,37.397144889010534,62.303657913915266,133.81765619980672,nll_unix_1
88,new_learn,8,2,0,57.84978443128619,59.58769218397194,128.38572473992005,nll_uniy_0
89,new_learn,8,2,1,37.40057899792787,59.58769218397194,128.38572473992005,nll_uniy_0
90,new_learn,8,2,0,47.26014412332299,105.76848534034676,220.7473110526697,nll_uniy_1
91,new_learn,8,2,1,37.41164782958775,105.76848534034676,220.7473110526697,nll_uniy_1
92,new_learn,8,2,0,-0.6842031317293517,42.29183126578357,98.39917308953142,nll_glc_0
93,new_learn,8,2,1,-6.428260737026167,42.29183126578357,98.39917308953142,nll_glc_0
94,new_learn,8,2,2,18.435256519003165,42.29183126578357,98.39917308953142,nll_glc_0
95,new_learn,8,2,0,0.9999999013254985,62.31539113966136,138.446292837287,nll_glc_1
96,new_learn,8,2,1,-46.5551422241573,62.31539113966136,138.446292837287,nll_glc_1
97,new_learn,8,2,2,37.41313458484237,62.31539113966136,138.446292837287,nll_glc_1
98,new_learn,8,6,0,56.6396883666938,85.50251631547258,180.21537300292132,nll_unix_0
99,new_learn,8,6,1,36.53766589036558,85.50251631547258,180.21537300292132,nll_unix_0
100,new_learn,8,6,0,41.94563269987287,78.88690543500434,166.98415124198485,nll_unix_1
101,new_learn,8,6,1,36.532493064946976,78.88690543500434,166.98415124198485,nll_unix_1
102,new_learn,8,6,0,55.93842143636935,61.402089922071305,132.0145202161188,nll_uniy_0
103,new_learn,8,6,1,36.49192450364929,61.402089922071305,132.0145202161188,nll_uniy_0
104,new_learn,8,6,0,41.68620382498236,99.66683197280062,208.54400431757742,nll_uniy_1
105,new_learn,8,6,1,36.53761684457935,99.66683197280062,208.54400431757742,nll_uniy_1
106,new_learn,8,6,0,0.1249647826213307,61.187394738526315,136.19030003501692,nll_glc_0
107,new_learn,8,6,1,-61.77507699654586,61.187394738526315,136.19030003501692,nll_glc_0
108,new_learn,8,6,2,36.5253027166645,61.187394738526315,136.19030003501692,nll_glc_0
109,new_learn,8,6,0,0.999999912078587,78.88996347154816,171.5954375010606,nll_glc_1
110,new_learn,8,6,1,-41.76892505824069,78.88996347154816,171.5954375010606,nll_glc_1
111,new_learn,8,6,2,36.53777648979689,78.88996347154816,171.5954375010606,nll_glc_1
112,new_learn,10,2,0,44.53010745994701,87.94301801463894,185.09637640125405,nll_unix_0
113,new_learn,10,2,1,36.3529088150448,87.94301801463894,185.09637640125405,nll_unix_0
114,new_learn,10,2,0,52.758299012992246,72.5863976273765,154.38313562672917,nll_unix_1
115,new_learn,10,2,1,36.35911470249942,72.5863976273765,154.38313562672917,nll_unix_1
116,new_learn,10,2,0,45.782592603584646,83.63461240071385,176.47956517340387,nll_uniy_0
117,new_learn,10,2,1,36.3564869105632,83.63461240071385,176.47956517340387,nll_uniy_0
118,new_learn,10,2,0,54.445146102087364,78.99451988094116,167.19938013385848,nll_uniy_1
119,new_learn,10,2,1,36.35516851230575,78.99451988094116,167.19938013385848,nll_uniy_1
120,new_learn,10,2,0,-0.9526296760695148,71.93353791330937,157.682586384583,nll_glc_0
121,new_learn,10,2,1,35.40286891942236,71.93353791330937,157.682586384583,nll_glc_0
122,new_learn,10,2,2,36.35583485726226,71.93353791330937,157.682586384583,nll_glc_0
123,new_learn,10,2,0,0.9999972342631382,72.59561481384151,159.0067401856473,nll_glc_1
124,new_learn,10,2,1,-53.213607062753965,72.59561481384151,159.0067401856473,nll_glc_1
125,new_learn,10,2,2,36.35467886664107,72.59561481384151,159.0067401856473,nll_glc_1
126,new_learn,10,6,0,47.39398423124936,93.33909117341952,195.8885227188152,nll_unix_0
127,new_learn,10,6,1,38.624182058847,93.33909117341952,195.8885227188152,nll_unix_0
128,new_learn,10,6,0,47.31988676467578,70.54539909101044,150.30113855399705,nll_unix_1
129,new_learn,10,6,1,38.62557607904402,70.54539909101044,150.30113855399705,nll_unix_1
130,new_learn,10,6,0,50.48470932781042,78.2529801942353,165.71630076044679,nll_uniy_0
131,new_learn,10,6,1,38.62120595844622,78.2529801942353,165.71630076044679,nll_uniy_0
132,new_learn,10,6,0,49.857256038771006,84.68190870756871,178.5741577871136,nll_uniy_1
133,new_learn,10,6,1,38.62461216083692,84.68190870756871,178.5741577871136,nll_uniy_1
134,new_learn,10,6,0,-0.999992191583644,70.56633093710155,154.94817243216738,nll_glc_0
135,new_learn,10,6,1,47.173112398259654,70.56633093710155,154.94817243216738,nll_glc_0
136,new_learn,10,6,2,38.62103339171537,70.56633093710155,154.94817243216738,nll_glc_0
137,new_learn,10,6,0,0.9421866979978932,69.66720120852489,153.14991297501405,nll_glc_1
138,new_learn,10,6,1,-61.39786667334659,69.66720120852489,153.14991297501405,nll_glc_1
139,new_learn,10,6,2,38.62605155053078,69.66720120852489,153.14991297501405,nll_glc_1
140,new_learn,12,2,0,53.48547196104943,119.42170469210541,248.053749756187,nll_unix_0
141,new_learn,12,2,1,35.30724081062951,119.42170469210541,248.053749756187,nll_unix_0
142,new_learn,12,2,0,49.011283361775945,51.84781618666496,112.9059727453061,nll_unix_1
143,new_learn,12,2,1,29.30050877823939,51.84781618666496,112.9059727453061,nll_unix_1
144,new_learn,12,2,0,50.11528861929118,71.89916461431388,153.00866960060392,nll_uniy_0
145,new_learn,12,2,1,35.304762418634795,71.89916461431388,153.00866960060392,nll_uniy_0
146,new_learn,12,2,0,45.31492440808656,95.8810720512653,200.97248447450679,nll_uniy_1
147,new_learn,12,2,1,35.30096479102193,95.8810720512653,200.97248447450679,nll_uniy_1
148,new_learn,12,2,0,-0.8567772490184098,41.90165137953842,97.61881331704112,nll_glc_0
149,new_learn,12,2,1,16.259312721680512,41.90165137953842,97.61881331704112,nll_glc_0
150,new_learn,12,2,2,18.83128796805035,41.90165137953842,97.61881331704112,nll_glc_0
151,new_learn,12,2,0,0.9999997958482458,51.86753590798129,117.55058237392686,nll_glc_1
152,new_learn,12,2,1,-49.06301546467298,51.86753590798129,117.55058237392686,nll_glc_1
153,new_learn,12,2,2,28.889061791487975,51.86753590798129,117.55058237392686,nll_glc_1
154,new_learn,12,6,0,45.89248357917943,60.489214424838565,130.1887692216533,nll_unix_0
155,new_learn,12,6,1,37.59069028720309,60.489214424838565,130.1887692216533,nll_unix_0
156,new_learn,12,6,0,49.384323653509284,104.70001953330585,218.61037943858787,nll_unix_1
157,new_learn,12,6,1,37.59295209457488,104.70001953330585,218.61037943858787,nll_unix_1
158,new_learn,12,6,0,44.22154418870984,81.11134555894807,171.43303148987232,nll_uniy_0
159,new_learn,12,6,1,37.5932924937322,81.11134555894807,171.43303148987232,nll_uniy_0
160,new_learn,12,6,0,49.26355852631898,82.3499066294718,173.91015363091978,nll_uniy_1
161,new_learn,12,6,1,37.589707996402595,82.3499066294718,173.91015363091978,nll_uniy_1
162,new_learn,12,6,0,0.9749314386917476,59.922314549499646,133.66013965696357,nll_glc_0
163,new_learn,12,6,1,-55.348001619721934,59.922314549499646,133.66013965696357,nll_glc_0
164,new_learn,12,6,2,37.59203170235102,59.922314549499646,133.66013965696357,nll_glc_0
165,new_learn,12,6,0,-0.9999969403859555,60.511055534846946,134.83762162765817,nll_glc_1
166,new_learn,12,6,1,46.02248261903707,60.511055534846946,134.83762162765817,nll_glc_1
167,new_learn,12,6,2,37.47054740967779,60.511055534846946,134.83762162765817,nll_glc_1
168,new_learn,14,2,0,59.896397979256356,101.86385591634509,212.93805220466635,nll_unix_0
169,new_learn,14,2,1,38.38155439901274,101.86385591634509,212.93805220466635,nll_unix_0
170,new_learn,14,2,0,44.462668270227766,52.54812830382545,114.30659697962709,nll_unix_1
171,new_learn,14,2,1,32.668289397576046,52.54812830382545,114.30659697962709,nll_unix_1
172,new_learn,14,2,0,59.66738030212277,56.281717606456525,121.77377558488924,nll_uniy_0
173,new_learn,14,2,1,36.34896504720083,56.281717606456525,121.77377558488924,nll_uniy_0
174,new_learn,14,2,0,43.194147723078956,93.97337477903639,197.15708993004895,nll_uniy_1
175,new_learn,14,2,1,38.38142728729741,93.97337477903639,197.15708993004895,nll_uniy_1
176,new_learn,14,2,0,-0.7083468312648535,30.369896707123623,74.55530397221152,nll_glc_0
177,new_learn,14,2,1,-4.3162489589531985,30.369896707123623,74.55530397221152,nll_glc_0
178,new_learn,14,2,2,13.757316048282142,30.369896707123623,74.55530397221152,nll_glc_0
179,new_learn,14,2,0,0.9999999867131186,52.555906553889294,118.92732366574286,nll_glc_1
180,new_learn,14,2,1,-44.79813031344609,52.555906553889294,118.92732366574286,nll_glc_1
181,new_learn,14,2,2,32.85318641001811,52.555906553889294,118.92732366574286,nll_glc_1
182,new_learn,14,6,0,48.46841741149134,88.37140745377481,185.9531552795258,nll_unix_0
183,new_learn,14,6,1,38.87145264963223,88.37140745377481,185.9531552795258,nll_unix_0
184,new_learn,14,6,0,46.53437697553595,65.1676130259731,139.54556642392237,nll_unix_1
185,new_learn,14,6,1,38.824351332384914,65.1676130259731,139.54556642392237,nll_unix_1
186,new_learn,14,6,0,50.71393612959295,44.753342281689925,98.71702493535604,nll_uniy_0
187,new_learn,14,6,1,23.202763201489272,44.753342281689925,98.71702493535604,nll_uniy_0
188,new_learn,14,6,0,50.45635212450599,112.17704647903676,233.5644333300497,nll_uniy_1
189,new_learn,14,6,1,38.87354209378432,112.17704647903676,233.5644333300497,nll_uniy_1
190,new_learn,14,6,0,-0.08371580757005948,44.626328356914605,103.06816727179348,nll_glc_0
191,new_learn,14,6,1,-46.591906541947886,44.626328356914605,103.06816727179348,nll_glc_0
192,new_learn,14,6,2,23.817582024315527,44.626328356914605,103.06816727179348,nll_glc_0
193,new_learn,14,6,0,0.9999997465178057,65.18713726945032,144.1897850968649,nll_glc_1
194,new_learn,14,6,1,-46.51137761350319,65.18713726945032,144.1897850968649,nll_glc_1
195,new_learn,14,6,2,38.81412358425273,65.18713726945032,144.1897850968649,nll_glc_1
196,new_learn,16,2,0,49.95505834251763,108.58494235969641,226.380225091369,nll_unix_0
197,new_learn,16,2,1,37.9770480953208,108.58494235969641,226.380225091369,nll_unix_0
198,new_learn,16,2,0,51.37228873738234,54.0589336746171,117.32820772121039,nll_unix_1
199,new_learn,16,2,1,28.97078173120694,54.0589336746171,117.32820772121039,nll_unix_1
200,new_learn,16,2,0,46.16502199268411,68.48780527418506,146.1859509203463,nll_uniy_0
201,new_learn,16,2,1,37.97645006979144,68.48780527418506,146.1859509203463,nll_uniy_0
202,new_learn,16,2,0,49.00700102736587,97.32677754413037,203.8638954602369,nll_uniy_1
203,new_learn,16,2,1,37.97595001039926,97.32677754413037,203.8638954602369,nll_uniy_1
204,new_learn,16,2,0,-0.8692615226136972,45.011982820113666,103.8394761981916,nll_glc_0
205,new_learn,16,2,1,21.1998471438393,45.011982820113666,103.8394761981916,nll_glc_0
206,new_learn,16,2,2,20.778405629374785,45.011982820113666,103.8394761981916,nll_glc_0
207,new_learn,16,2,0,0.9999997012142758,54.08015719689026,121.9758249517448,nll_glc_1
208,new_learn,16,2,1,-51.43707277235782,54.08015719689026,121.9758249517448,nll_glc_1
209,new_learn,16,2,2,28.90285519276544,54.08015719689026,121.9758249517448,nll_glc_1
210,new_learn,16,6,0,43.943512515540846,90.09326224375046,189.3968648594771,nll_unix_0
211,new_learn,16,6,1,37.94741817781272,90.09326224375046,189.3968648594771,nll_unix_0
212,new_learn,16,6,0,53.612548766615035,74.10728721530656,157.42491480258929,nll_unix_1
213,new_learn,16,6,1,37.94671286101294,74.10728721530656,157.42491480258929,nll_unix_1
214,new_learn,16,6,0,45.47978028195451,69.09292117805944,147.39618272809506,nll_uniy_0
215,new_learn,16,6,1,37.94754599545111,69.09292117805944,147.39618272809506,nll_uniy_0
216,new_learn,16,6,0,53.731998400653524,93.33584845101419,195.88203727400455,nll_uniy_1
217,new_learn,16,6,1,37.947035606452474,93.33584845101419,195.88203727400455,nll_uniy_1
218,new_learn,16,6,0,-0.09568913184540606,69.05710073657986,151.92971203112398,nll_glc_0
219,new_learn,16,6,1,-40.72196008069941,69.05710073657986,151.92971203112398,nll_glc_0
220,new_learn,16,6,2,37.93704238299907,69.05710073657986,151.92971203112398,nll_glc_0
221,new_learn,16,6,0,0.9999996218752756,74.11669537140995,162.04890130078417,nll_glc_1
222,new_learn,16,6,1,-53.80732737852799,74.11669537140995,162.04890130078417,nll_glc_1
223,new_learn,16,6,2,37.934955863663404,74.11669537140995,162.04890130078417,nll_glc_1
224,new_learn,18,2,0,38.23874406277562,109.4159921934721,228.0423247589204,nll_unix_0
225,new_learn,18,2,1,37.502582227303975,109.4159921934721,228.0423247589204,nll_unix_0
226,new_learn,18,2,0,55.38623842246917,45.859634490802435,100.92960935358106,nll_unix_1
227,new_learn,18,2,1,21.811134762107265,45.859634490802435,100.92960935358106,nll_unix_1
228,new_learn,18,2,0,37.175432983621306,57.50735388250166,124.22504813697951,nll_uniy_0
229,new_learn,18,2,1,37.50110331501082,57.50735388250166,124.22504813697951,nll_uniy_0
230,new_learn,18,2,0,58.04714876252905,101.73247938459987,212.6752991411759,nll_uniy_1
231,new_learn,18,2,1,37.502668733126896,101.73247938459987,212.6752991411759,nll_uniy_1
232,new_learn,18,2,0,-0.8195406307811213,22.39853019508803,58.61257094814033,nll_glc_0
233,new_learn,18,2,1,16.74600700407931,22.39853019508803,58.61257094814033,nll_glc_0
234,new_learn,18,2,2,11.623202436667595,22.39853019508803,58.61257094814033,nll_glc_0
235,new_learn,18,2,0,0.9999999990003703,45.86852678252522,105.55256412301472,nll_glc_1
236,new_learn,18,2,1,-55.2424877634422,45.86852678252522,105.55256412301472,nll_glc_1
237,new_learn,18,2,2,21.19081962350647,45.86852678252522,105.55256412301472,nll_glc_1
238,new_learn,18,6,0,39.290934990798874,67.25482051499036,143.7199814019569,nll_unix_0
239,new_learn,18,6,1,38.4176881954412,67.25482051499036,143.7199814019569,nll_unix_0
240,new_learn,18,6,0,55.04287089284615,94.62279867414769,198.45593772027155,nll_unix_1
241,new_learn,18,6,1,38.41195640595984,94.62279867414769,198.45593772027155,nll_unix_1
242,new_learn,18,6,0,42.72209242287131,62.6924988123711,134.59533799671837,nll_uniy_0
243,new_learn,18,6,1,38.412043510730996,62.6924988123711,134.59533799671837,nll_uniy_0
244,new_learn,18,6,0,57.64573627675127,102.12886295933818,213.46806629065253,nll_uniy_1
245,new_learn,18,6,1,38.41161591169039,102.12886295933818,213.46806629065253,nll_uniy_1
246,new_learn,18,6,0,0.6753812503014531,52.540353902286114,118.8962183625365,nll_glc_0
247,new_learn,18,6,1,-63.34940775335802,52.540353902286114,118.8962183625365,nll_glc_0
248,new_learn,18,6,2,26.328177481169067,52.540353902286114,118.8962183625365,nll_glc_0
249,new_learn,18,6,0,-0.9999998828958588,67.27099133158893,148.35749322114214,nll_glc_1
250,new_learn,18,6,1,39.51725703214055,67.27099133158893,148.35749322114214,nll_glc_1
251,new_learn,18,6,2,38.40788973062513,67.27099133158893,148.35749322114214,nll_glc_1
252,new_learn,20,2,0,43.67624020386558,96.7191544208113,202.64864921359876,nll_unix_0
253,new_learn,20,2,1,38.96005666645061,96.7191544208113,202.64864921359876,nll_unix_0
254,new_learn,20,2,0,54.29452409252299,61.493227571912485,132.19679551580114,nll_unix_1
255,new_learn,20,2,1,38.961127751557775,61.493227571912485,132.19679551580114,nll_unix_1
256,new_learn,20,2,0,42.161652814168,50.20594663520184,109.62223364237987,nll_uniy_0
257,new_learn,20,2,1,25.139394189733885,50.20594663520184,109.62223364237987,nll_uniy_0
258,new_learn,20,2,0,51.26500638175786,110.66976163139174,230.54986363475965,nll_uniy_1
259,new_learn,20,2,1,38.96183086764536,110.66976163139174,230.54986363475965,nll_uniy_1
260,new_learn,20,2,0,-0.6216640830587961,26.075409263104966,65.9663290841742,nll_glc_0
261,new_learn,20,2,1,-2.8752979651867676,26.075409263104966,65.9663290841742,nll_glc_0
262,new_learn,20,2,2,11.716980738898656,26.075409263104966,65.9663290841742,nll_glc_0
263,new_learn,20,2,0,0.9999999771675134,61.50170367299053,136.81891790394533,nll_glc_1
264,new_learn,20,2,1,-54.30043294412333,61.50170367299053,136.81891790394533,nll_glc_1
265,new_learn,20,2,2,38.934997747468465,61.50170367299053,136.81891790394533,nll_glc_1
266,new_learn,20,6,0,55.14562223308466,78.29445066033713,165.79924169265044,nll_unix_0
267,new_learn,20,6,1,37.543413186747046,78.29445066033713,165.79924169265044,nll_unix_0
268,new_learn,20,6,0,39.104715303501656,87.63779511341741,184.485930598811,nll_unix_1
269,new_learn,20,6,1,37.548365967159974,87.63779511341741,184.485930598811,nll_unix_1
270,new_learn,20,6,0,58.121921129704056,58.08395528761609,125.37825094720837,nll_uniy_0
271,new_learn,20,6,1,35.612905352940174,58.08395528761609,125.37825094720837,nll_uniy_0
272,new_learn,20,6,0,43.68025011432992,101.36669645370671,211.9437332793896,nll_uniy_1
273,new_learn,20,6,1,37.54803915969909,101.36669645370671,211.9437332793896,nll_uniy_1
274,new_learn,20,6,0,0.38879215483495644,54.105428257369226,122.02636707270273,nll_glc_0
275,new_learn,20,6,1,-70.16542707638094,54.105428257369226,122.02636707270273,nll_glc_0
276,new_learn,20,6,2,25.425939900821355,54.105428257369226,122.02636707270273,nll_glc_0
277,new_learn,20,6,0,-0.9999999806793753,78.30777668652036,170.43106393100499,nll_glc_1
278,new_learn,20,6,1,55.206281230078474,78.30777668652036,170.43106393100499,nll_glc_1
279,new_learn,20,6,2,37.53301513916233,78.30777668652036,170.43106393100499,nll_glc_1
280,new_learn,22,2,0,39.16979692463222,79.39934464799336,168.0090296679629,nll_unix_0
281,new_learn,22,2,1,37.96300722471523,79.39934464799336,168.0090296679629,nll_unix_0
282,new_learn,22,2,0,52.802016443847,74.91196270459196,159.0342657811601,nll_unix_1
283,new_learn,22,2,1,37.962831708383405,74.91196270459196,159.0342657811601,nll_unix_1
284,new_learn,22,2,0,37.95406382415735,72.41095480493192,154.03224998184,nll_uniy_0
285,new_learn,22,2,1,37.95553084130758,72.41095480493192,154.03224998184,nll_uniy_0
286,new_learn,22,2,0,50.83949389893099,75.51100528503538,160.23235094204693,nll_uniy_1
287,new_learn,22,2,1,37.96080357742143,75.51100528503538,160.23235094204693,nll_uniy_1
288,new_learn,22,2,0,-0.5726005466082351,69.57638193444066,152.9682744268456,nll_glc_0
289,new_learn,22,2,1,-3.943934959479727,69.57638193444066,152.9682744268456,nll_glc_0
290,new_learn,22,2,2,37.964073064760996,69.57638193444066,152.9682744268456,nll_glc_0
291,new_learn,22,2,0,-0.4503826374117049,74.32481474786748,162.46514005369923,nll_glc_1
292,new_learn,22,2,1,-25.48496366308129,74.32481474786748,162.46514005369923,nll_glc_1
293,new_learn,22,2,2,37.95675379139588,74.32481474786748,162.46514005369923,nll_glc_1
294,new_learn,22,6,0,56.67954602901543,56.84350058610963,122.89734154419544,nll_unix_0
295,new_learn,22,6,1,37.859673012568905,56.84350058610963,122.89734154419544,nll_unix_0
296,new_learn,22,6,0,47.814035766405574,57.46551352868569,124.14136742934757,nll_unix_1
297,new_learn,22,6,1,37.86797249955987,57.46551352868569,124.14136742934757,nll_unix_1
298,new_learn,22,6,0,56.70390989667323,51.76325794544224,112.73685626286067,nll_uniy_0
299,new_learn,22,6,1,37.863840104364634,51.76325794544224,112.73685626286067,nll_uniy_0
300,new_learn,22,6,0,44.51956611814731,67.79182632064621,144.7939930132686,nll_uniy_1
301,new_learn,22,6,1,37.86722505996337,67.79182632064621,144.7939930132686,nll_uniy_1
302,new_learn,22,6,0,0.5586036870907736,49.89140392622426,113.59831841041279,nll_glc_0
303,new_learn,22,6,1,-76.62137241556736,49.89140392622426,113.59831841041279,nll_glc_0
304,new_learn,22,6,2,37.85122662540326,49.89140392622426,113.59831841041279,nll_glc_0
305,new_learn,22,6,0,0.9999989854671116,57.470359261602674,128.75622908116964,nll_glc_1
306,new_learn,22,6,1,-47.960742687282696,57.470359261602674,128.75622908116964,nll_glc_1
307,new_learn,22,6,2,37.864517595121015,57.470359261602674,128.75622908116964,nll_glc_1
308,new_learn,24,2,0,59.30349846929261,99.46246545810547,208.1352712881871,nll_unix_0
309,new_learn,24,2,1,37.50103232731831,99.46246545810547,208.1352712881871,nll_unix_0
310,new_learn,24,2,0,46.24481733831427,54.02160954147216,117.2535594549205,nll_unix_1
311,new_learn,24,2,1,34.70619588625162,54.02160954147216,117.2535594549205,nll_unix_1
312,new_learn,24,2,0,58.02671601317269,73.63579000968932,156.4819203913548,nll_uniy_0
313,new_learn,24,2,1,37.50094990032003,73.63579000968932,156.4819203913548,nll_uniy_0
314,new_learn,24,2,0,44.04246295930927,82.05557994229237,173.3215002565609,nll_uniy_1
315,new_learn,24,2,1,37.498211197606906,82.05557994229237,173.3215002565609,nll_uniy_1
316,new_learn,24,2,0,-0.925697632531729,50.91390309890862,115.64331675578151,nll_glc_0
317,new_learn,24,2,1,24.272400823872964,50.91390309890862,115.64331675578151,nll_glc_0
318,new_learn,24,2,2,26.814876989387713,50.91390309890862,115.64331675578151,nll_glc_0
319,new_learn,24,2,0,0.9999993632728228,54.03553488121551,121.8865803203953,nll_glc_1
320,new_learn,24,2,1,-46.27255326012041,54.03553488121551,121.8865803203953,nll_glc_1
321,new_learn,24,2,2,35.183133979418656,54.03553488121551,121.8865803203953,nll_glc_1
322,new_learn,24,6,0,49.5762562831794,70.25834422748179,149.72702882693974,nll_unix_0
323,new_learn,24,6,1,38.093083622246525,70.25834422748179,149.72702882693974,nll_unix_0
324,new_learn,24,6,0,47.67847436722522,66.85134256860326,142.9130255091827,nll_unix_1
325,new_learn,24,6,1,38.092819524890466,66.85134256860326,142.9130255091827,nll_unix_1
326,new_learn,24,6,0,54.78461417343943,69.34323841231021,147.8968171965966,nll_uniy_0
327,new_learn,24,6,1,38.09519148695063,69.34323841231021,147.8968171965966,nll_uniy_0
328,new_learn,24,6,0,50.99439347484835,73.20763368357927,155.62560773913472,nll_uniy_1
329,new_learn,24,6,1,38.09160272478472,73.20763368357927,155.62560773913472,nll_uniy_1
330,new_learn,24,6,0,0.7040984687194665,66.61826103820667,147.0520326343776,nll_glc_0
331,new_learn,24,6,1,-73.34952821075163,66.61826103820667,147.0520326343776,nll_glc_0
332,new_learn,24,6,2,38.09407625508054,66.61826103820667,147.0520326343776,nll_glc_0
333,new_learn,24,6,0,0.9374023135902321,66.12343028613361,146.0623711302315,nll_glc_1
334,new_learn,24,6,1,-63.03408503100967,66.12343028613361,146.0623711302315,nll_glc_1
335,new_learn,24,6,2,38.096107448111866,66.12343028613361,146.0623711302315,nll_glc_1
336,new_learn,26,2,0,66.53785024505856,108.8251576381301,226.86065564823636,nll_unix_0
337,new_learn,26,2,1,35.83832214259951,108.8251576381301,226.86065564823636,nll_unix_0
338,new_learn,26,2,0,33.79799374420076,46.48372044690741,102.17778126579101,nll_unix_1
339,new_learn,26,2,1,28.903587004927534,46.48372044690741,102.17778126579101,nll_unix_1
340,new_learn,26,2,0,67.20310552237319,59.23560770215436,127.68155577628491,nll_uniy_0
341,new_learn,26,2,1,35.83622991126836,59.23560770215436,127.68155577628491,nll_uniy_0
342,new_learn,26,2,0,31.82198520913661,92.90335777380281,195.0170559195818,nll_uniy_1
343,new_learn,26,2,1,35.83657683842026,92.90335777380281,195.0170559195818,nll_uniy_1
344,new_learn,26,2,0,-0.8048845676744529,33.029777482993374,79.87506552395102,nll_glc_0
345,new_learn,26,2,1,-2.561712353217424,33.029777482993374,79.87506552395102,nll_glc_0
346,new_learn,26,2,2,15.878539196969417,33.029777482993374,79.87506552395102,nll_glc_0
347,new_learn,26,2,0,0.9999999827384127,46.491704317325215,106.7989191926147,nll_glc_1
348,new_learn,26,2,1,-34.27598911877514,46.491704317325215,106.7989191926147,nll_glc_1
349,new_learn,26,2,2,28.659768476332896,46.491704317325215,106.7989191926147,nll_glc_1
350,new_learn,26,6,0,63.09444696111871,89.17042128784266,187.5511829476615,nll_unix_0
351,new_learn,26,6,1,38.093192022710056,89.17042128784266,187.5511829476615,nll_unix_0
352,new_learn,26,6,0,40.31163216165904,70.41095093733136,150.0322422466389,nll_unix_1
353,new_learn,26,6,1,38.0920167503768,70.41095093733136,150.0322422466389,nll_unix_1
354,new_learn,26,6,0,59.96960256812333,55.75309413613756,120.71652864425131,nll_uniy_0
355,new_learn,26,6,1,36.376459311993806,55.75309413613756,120.71652864425131,nll_uniy_0
356,new_learn,26,6,0,37.975393426058766,102.79908469068351,214.8085097533432,nll_uniy_1
357,new_learn,26,6,1,38.089414945781456,102.79908469068351,214.8085097533432,nll_uniy_1
358,new_learn,26,6,0,-0.1403437871415084,55.533164962735796,124.88184048343587,nll_glc_0
359,new_learn,26,6,1,-52.069681649731784,55.533164962735796,124.88184048343587,nll_glc_0
360,new_learn,26,6,2,36.8842184169324,55.533164962735796,124.88184048343587,nll_glc_0
361,new_learn,26,6,0,0.999998966968118,70.43686189604513,154.68923435005453,nll_glc_1
362,new_learn,26,6,1,-40.23455764636118,70.43686189604513,154.68923435005453,nll_glc_1
363,new_learn,26,6,2,38.08749389739171,70.43686189604513,154.68923435005453,nll_glc_1
364,new_learn,28,2,0,64.04065978480786,110.47804599626758,230.16643236451134,nll_unix_0
365,new_learn,28,2,1,36.92853466899561,110.47804599626758,230.16643236451134,nll_unix_0
366,new_learn,28,2,0,43.058615168716514,45.722333067443714,100.65500650686361,nll_unix_1
367,new_learn,28,2,1,24.0135365806611,45.722333067443714,100.65500650686361,nll_unix_1
368,new_learn,28,2,0,62.565368967132926,61.70021060914828,132.61076159027274,nll_uniy_0
369,new_learn,28,2,1,36.92738710219757,61.70021060914828,132.61076159027274,nll_uniy_0
370,new_learn,28,2,0,36.974189143790284,92.3503193012586,193.91097897449336,nll_uniy_1
371,new_learn,28,2,1,36.93394485066678,92.3503193012586,193.91097897449336,nll_uniy_1
372,new_learn,28,2,0,-0.8320775111879384,27.831772973399637,69.47905650476355,nll_glc_0
373,new_learn,28,2,1,6.820463892148043,27.831772973399637,69.47905650476355,nll_glc_0
374,new_learn,28,2,2,11.34942316329891,27.831772973399637,69.47905650476355,nll_glc_0
375,new_learn,28,2,0,0.9999999953312635,45.729011680711636,105.27353391938755,nll_glc_1
376,new_learn,28,2,1,-42.79400850928713,45.729011680711636,105.27353391938755,nll_glc_1
377,new_learn,28,2,2,24.239158655155045,45.729011680711636,105.27353391938755,nll_glc_1
378,new_learn,28,6,0,58.63426330902214,86.955060877775,183.12046212752617,nll_unix_0
379,new_learn,28,6,1,39.01747185046891,86.955060877775,183.12046212752617,nll_unix_0
380,new_learn,28,6,0,36.982102393729036,75.15841722215809,159.52717481629236,nll_unix_1
381,new_learn,28,6,1,39.01167911042022,75.15841722215809,159.52717481629236,nll_unix_1
382,new_learn,28,6,0,61.897843809256436,64.78710942072527,138.78455921342672,nll_uniy_0
383,new_learn,28,6,1,39.01076650623127,64.78710942072527,138.78455921342672,nll_uniy_0
384,new_learn,28,6,0,40.83620861650389,93.61048501399738,196.43131039997093,nll_uniy_1
385,new_learn,28,6,1,39.01752738169616,93.61048501399738,196.43131039997093,nll_uniy_1
386,new_learn,28,6,0,0.23477594747243047,64.12863229093738,142.07277513983902,nll_glc_0
387,new_learn,28,6,1,-71.6761212091961,64.12863229093738,142.07277513983902,nll_glc_0
388,new_learn,28,6,2,39.01613963770668,64.12863229093738,142.07277513983902,nll_glc_0
389,new_learn,28,6,0,0.999999998796369,75.161688280027,164.13888711801826,nll_glc_1
390,new_learn,28,6,1,-37.03365325997322,75.161688280027,164.13888711801826,nll_glc_1
391,new_learn,28,6,2,39.00516710827,75.161688280027,164.13888711801826,nll_glc_1
392,new_learn,30,2,0,51.139951718348144,99.72099569109176,208.6523317541597,nll_unix_0
393,new_learn,30,2,1,38.53096838543911,99.72099569109176,208.6523317541597,nll_unix_0
394,new_learn,30,2,0,56.07548794720568,61.4807477338171,132.17183583961037,nll_unix_1
395,new_learn,30,2,1,38.52605800049599,61.4807477338171,132.17183583961037,nll_unix_1
396,new_learn,30,2,0,46.46183893224598,56.94381799200589,123.09797635598797,nll_uniy_0
397,new_learn,30,2,1,36.734415120546245,56.94381799200589,123.09797635598797,nll_uniy_0
398,new_learn,30,2,0,51.877237068861874,110.10083013583721,229.4120006436506,nll_uniy_1
399,new_learn,30,2,1,38.53044395559115,110.10083013583721,229.4120006436506,nll_uniy_1
400,new_learn,30,2,0,-0.694797438435502,37.42414724067534,88.66380503931495,nll_glc_0
401,new_learn,30,2,1,3.6310129259103365,37.42414724067534,88.66380503931495,nll_glc_0
402,new_learn,30,2,2,16.289792706289695,37.42414724067534,88.66380503931495,nll_glc_0
403,new_learn,30,2,0,0.999999981591426,61.488299202227864,136.79210896242,nll_glc_1
404,new_learn,30,2,1,-56.161982303126,61.488299202227864,136.79210896242,nll_glc_1
405,new_learn,30,2,2,38.48490383115675,61.488299202227864,136.79210896242,nll_glc_1
406,new_learn,30,6,0,44.90923577086781,76.25604124692819,161.72242286583256,nll_unix_0
407,new_learn,30,6,1,38.969136475869185,76.25604124692819,161.72242286583256,nll_unix_0
408,new_learn,30,6,0,53.9713646247994,84.09821913108615,177.40677863414848,nll_unix_1
409,new_learn,30,6,1,38.969631465517466,84.09821913108615,177.40677863414848,nll_unix_1
410,new_learn,30,6,0,47.67387642805013,70.7059276197721,150.62219561152037,nll_uniy_0
411,new_learn,30,6,1,38.9703743593546,70.7059276197721,150.62219561152037,nll_uniy_0
412,new_learn,30,6,0,55.15168029701519,91.47715100691025,192.16464238579667,nll_uniy_1
413,new_learn,30,6,1,38.96761345318972,91.47715100691025,192.16464238579667,nll_uniy_1
414,new_learn,30,6,0,0.579732447714673,67.15648460311783,148.12847976419994,nll_glc_0
415,new_learn,30,6,1,-66.7859592474961,67.15648460311783,148.12847976419994,nll_glc_0
416,new_learn,30,6,2,38.970112784299104,67.15648460311783,148.12847976419994,nll_glc_0
417,new_learn,30,6,0,0.999989167845704,84.1238508880679,182.0632123341001,nll_glc_1
418,new_learn,30,6,1,-53.49821742711945,84.1238508880679,182.0632123341001,nll_glc_1
419,new_learn,30,6,2,38.961660614046,84.1238508880679,182.0632123341001,nll_glc_1
420,new_learn,32,2,0,43.32081976701673,113.31782811450245,235.84599660098107,nll_unix_0
421,new_learn,32,2,1,36.7404712920025,113.31782811450245,235.84599660098107,nll_unix_0
422,new_learn,32,2,0,45.67052017157479,46.31581941092395,101.84197919382409,nll_unix_1
423,new_learn,32,2,1,20.89161273688438,46.31581941092395,101.84197919382409,nll_unix_1
424,new_learn,32,2,0,51.2007035136681,78.37688557928095,165.96411153053808,nll_uniy_0
425,new_learn,32,2,1,36.744121788966034,78.37688557928095,165.96411153053808,nll_uniy_0
426,new_learn,32,2,0,55.280156030646154,87.07216106245775,183.35466249689168,nll_uniy_1
427,new_learn,32,2,1,36.743407345583876,87.07216106245775,183.35466249689168,nll_uniy_1
428,new_learn,32,2,0,-0.9516226717363094,41.54264867987236,96.90080791770899,nll_glc_0
429,new_learn,32,2,1,27.61337368784942,41.54264867987236,96.90080791770899,nll_glc_0
430,new_learn,32,2,2,16.609182776492926,41.54264867987236,96.90080791770899,nll_glc_0
431,new_learn,32,2,0,0.9999999335774246,46.330600152376405,106.47671086271708,nll_glc_1
432,new_learn,32,2,1,-45.94004531024145,46.330600152376405,106.47671086271708,nll_glc_1
433,new_learn,32,2,2,21.14119502288441,46.330600152376405,106.47671086271708,nll_glc_1
434,new_learn,32,6,0,36.08682323504341,57.09528719906979,123.40091477011576,nll_unix_0
435,new_learn,32,6,1,37.44001645131914,57.09528719906979,123.40091477011576,nll_unix_0
436,new_learn,32,6,0,55.00066503703629,108.70613880360403,226.62261797918424,nll_unix_1
437,new_learn,32,6,1,37.444149603672706,108.70613880360403,226.62261797918424,nll_unix_1
438,new_learn,32,6,0,45.10430175683532,85.1596210537327,179.5295824794416,nll_uniy_0
439,new_learn,32,6,1,37.444756682063996,85.1596210537327,179.5295824794416,nll_uniy_0
440,new_learn,32,6,0,64.4305259402885,72.51419660714853,154.23873358627324,nll_uniy_1
441,new_learn,32,6,1,37.44329248776152,72.51419660714853,154.23873358627324,nll_uniy_1
442,new_learn,32,6,0,0.9987991236149194,57.07731070990312,127.9701319777705,nll_glc_0
443,new_learn,32,6,1,-38.55802066984416,57.07731070990312,127.9701319777705,nll_glc_0
444,new_learn,32,6,2,37.435349434874354,57.07731070990312,127.9701319777705,nll_glc_0
445,new_learn,32,6,0,-0.9999752150547631,57.105906241717456,128.0273230413992,nll_glc_1
446,new_learn,32,6,1,36.122230448429576,57.105906241717456,128.0273230413992,nll_glc_1
447,new_learn,32,6,2,37.421351319515196,57.105906241717456,128.0273230413992,nll_glc_1
448,new_learn,34,2,0,49.41680323347787,109.99343931726563,229.19721900650742,nll_unix_0
449,new_learn,34,2,1,39.28994179524679,109.99343931726563,229.19721900650742,nll_unix_0
450,new_learn,34,2,0,52.52053075361527,56.99908735212764,123.20851507623146,nll_unix_1
451,new_learn,34,2,1,39.21232819551493,56.99908735212764,123.20851507623146,nll_unix_1
452,new_learn,34,2,0,48.29704893037557,65.50917469228233,140.22868975654083,nll_uniy_0
453,new_learn,34,2,1,39.26667429419801,65.50917469228233,140.22868975654083,nll_uniy_0
454,new_learn,34,2,0,51.86405466511712,91.37028369124596,191.9509077544681,nll_uniy_1
455,new_learn,34,2,1,39.28845586832756,91.37028369124596,191.9509077544681,nll_uniy_1
456,new_learn,34,2,0,-0.7402115552471824,45.09048892651229,103.99648841098886,nll_glc_0
457,new_learn,34,2,1,4.596835569206258,45.09048892651229,103.99648841098886,nll_glc_0
458,new_learn,34,2,2,20.737804198521626,45.09048892651229,103.99648841098886,nll_glc_0
459,new_learn,34,2,0,0.9999996713278219,57.014880746220335,127.84527205040494,nll_glc_1
460,new_learn,34,2,1,-52.61387029453534,57.014880746220335,127.84527205040494,nll_glc_1
461,new_learn,34,2,2,39.24825507596034,57.014880746220335,127.84527205040494,nll_glc_1
462,new_learn,34,6,0,48.323424022712985,83.53825827768205,176.28685692734027,nll_unix_0
463,new_learn,34,6,1,39.035600090342314,83.53825827768205,176.28685692734027,nll_unix_0
464,new_learn,34,6,0,51.28258939312052,70.01184530241144,149.23403097679906,nll_unix_1
465,new_learn,34,6,1,39.03476687571644,70.01184530241144,149.23403097679906,nll_unix_1
466,new_learn,34,6,0,48.53527960342853,71.90839238597498,153.02712514392613,nll_uniy_0
467,new_learn,34,6,1,39.03750334364523,71.90839238597498,153.02712514392613,nll_uniy_0
468,new_learn,34,6,0,51.27337847837216,86.08317233656541,181.376685045107,nll_uniy_1
469,new_learn,34,6,1,39.036163929201756,86.08317233656541,181.376685045107,nll_uniy_1
470,new_learn,34,6,0,0.3179732178320567,71.43691709446443,156.68934474689314,nll_glc_0
471,new_learn,34,6,1,-61.89384669117482,71.43691709446443,156.68934474689314,nll_glc_0
472,new_learn,34,6,2,39.035772976802015,71.43691709446443,156.68934474689314,nll_glc_0
473,new_learn,34,6,0,0.9852010066136969,69.76489265823962,153.3452958744435,nll_glc_1
474,new_learn,34,6,1,-59.41597242930268,69.76489265823962,153.3452958744435,nll_glc_1
475,new_learn,34,6,2,39.03543776139202,69.76489265823962,153.3452958744435,nll_glc_1
476,new_learn,36,2,0,34.28348620146335,84.63137094080835,178.47308225359288,nll_unix_0
477,new_learn,36,2,1,36.98765490443949,84.63137094080835,178.47308225359288,nll_unix_0
478,new_learn,36,2,0,63.670876830921785,73.31504595304952,155.8404322780752,nll_unix_1
479,new_learn,36,2,1,36.98878364634314,73.31504595304952,155.8404322780752,nll_unix_1
480,new_learn,36,2,0,37.57563823847044,73.29380664709709,155.79795366617034,nll_uniy_0
481,new_learn,36,2,1,36.98064620070607,73.29380664709709,155.79795366617034,nll_uniy_0
482,new_learn,36,2,0,64.06978270529912,78.11667464602763,165.44368966403144,nll_uniy_1
483,new_learn,36,2,1,36.97938809744517,78.11667464602763,165.44368966403144,nll_uniy_1
484,new_learn,36,2,0,-0.659906965155866,69.11028242134421,152.0360754006527,nll_glc_0
485,new_learn,36,2,1,7.098423671026438,69.11028242134421,152.0360754006527,nll_glc_0
486,new_learn,36,2,2,36.98855800885116,69.11028242134421,152.0360754006527,nll_glc_0
487,new_learn,36,2,0,0.9999975532817562,73.343366945538,160.50224444904026,nll_glc_1
488,new_learn,36,2,1,-63.052058848155745,73.343366945538,160.50224444904026,nll_glc_1
489,new_learn,36,2,2,36.986758484986154,73.343366945538,160.50224444904026,nll_glc_1
490,new_learn,36,6,0,48.48874678405266,82.5661161755892,174.34257272315457,nll_unix_0
491,new_learn,36,6,1,37.73063756140654,82.5661161755892,174.34257272315457,nll_unix_0
492,new_learn,36,6,0,45.275288342809354,80.37154560338507,169.95343157874632,nll_unix_1
493,new_learn,36,6,1,37.723131535710536,80.37154560338507,169.95343157874632,nll_unix_1
494,new_learn,36,6,0,54.126159446425326,86.83148252563178,182.87330542323974,nll_uniy_0
495,new_learn,36,6,1,37.73204967597738,86.83148252563178,182.87330542323974,nll_uniy_0
496,new_learn,36,6,0,49.39628800691304,81.21204845588537,171.6344372837469,nll_uniy_1
497,new_learn,36,6,1,37.72757387327623,81.21204845588537,171.6344372837469,nll_uniy_1
498,new_learn,36,6,0,0.8547125763812049,80.54231070677625,174.90013197151677,nll_glc_0
499,new_learn,36,6,1,-68.23691284234957,80.54231070677625,174.90013197151677,nll_glc_0
500,new_learn,36,6,2,37.732112204402966,80.54231070677625,174.90013197151677,nll_glc_0
501,new_learn,36,6,0,0.7365763464752018,75.26070373044243,164.33691801884913,nll_glc_1
502,new_learn,36,6,1,-67.64394561715686,75.26070373044243,164.33691801884913,nll_glc_1
503,new_learn,36,6,2,37.73178699441042,75.26070373044243,164.33691801884913,nll_glc_1
504,new_learn,38,2,0,45.2322598897303,97.95628352972693,205.12290743143004,nll_unix_0
505,new_learn,38,2,1,36.74162923667489,97.95628352972693,205.12290743143004,nll_unix_0
506,new_learn,38,2,0,57.11213298716463,66.52957955653191,142.26949948504,nll_unix_1
507,new_learn,38,2,1,36.74353425371261,66.52957955653191,142.26949948504,nll_unix_1
508,new_learn,38,2,0,42.162239945875676,71.49054846938013,152.19143731073643,nll_uniy_0
509,new_learn,38,2,1,36.741200174570395,71.49054846938013,152.19143731073643,nll_uniy_0
510,new_learn,38,2,0,52.979653443073516,93.98530822685473,197.18095682568563,nll_uniy_1
511,new_learn,38,2,1,36.743988561413296,93.98530822685473,197.18095682568563,nll_uniy_1
512,new_learn,38,2,0,-0.7811452725707333,59.42744173476924,132.67039402750277,nll_glc_0
513,new_learn,38,2,1,15.119050343372207,59.42744173476924,132.67039402750277,nll_glc_0
514,new_learn,38,2,2,34.90385292259283,59.42744173476924,132.67039402750277,nll_glc_0
515,new_learn,38,2,0,0.9999999200680139,66.53958753229034,146.89468562254496,nll_glc_1
516,new_learn,38,2,1,-56.875360755662584,66.53958753229034,146.89468562254496,nll_glc_1
517,new_learn,38,2,2,36.726992700135824,66.53958753229034,146.89468562254496,nll_glc_1
518,new_learn,38,6,0,45.131101941816624,86.40623021115658,182.02280079428934,nll_unix_0
519,new_learn,38,6,1,38.528545416807724,86.40623021115658,182.02280079428934,nll_unix_0
520,new_learn,38,6,0,54.43365220357169,71.7987346230652,152.80780961810657,nll_unix_1
521,new_learn,38,6,1,38.529477202019535,71.7987346230652,152.80780961810657,nll_unix_1
522,new_learn,38,6,0,43.77729632838786,53.26034646915177,115.73103331027973,nll_uniy_0
523,new_learn,38,6,1,32.34575892669155,53.26034646915177,115.73103331027973,nll_uniy_0
524,new_learn,38,6,0,52.076530829860324,111.249365600365,231.70907157270616,nll_uniy_1
525,new_learn,38,6,1,38.52654190443043,111.249365600365,231.70907157270616,nll_uniy_1
526,new_learn,38,6,0,0.04241391311400644,53.22707969506119,120.26966994808666,nll_glc_0
527,new_learn,38,6,1,-45.66977217921425,53.22707969506119,120.26966994808666,nll_glc_0
528,new_learn,38,6,2,32.54003969187208,53.22707969506119,120.26966994808666,nll_glc_0
529,new_learn,38,6,0,0.9999999808274942,71.8107221013457,157.43695476065568,nll_glc_1
530,new_learn,38,6,1,-53.96283915006882,71.8107221013457,157.43695476065568,nll_glc_1
531,new_learn,38,6,2,38.52674092894314,71.8107221013457,157.43695476065568,nll_glc_1
532,relearn,1,2,0,47.76372664233408,100.2319939540304,209.67432828003697,nll_unix_0
533,relearn,1,2,1,36.398107063904234,100.2319939540304,209.67432828003697,nll_unix_0
534,relearn,1,2,0,64.20001555704566,61.372156237493556,131.95465284696328,nll_unix_1
535,relearn,1,2,1,36.39820025191875,61.372156237493556,131.95465284696328,nll_unix_1
536,relearn,1,2,0,41.93346996073843,96.4273712256136,202.06508282320337,nll_uniy_0
537,relearn,1,2,1,36.39806656259384,96.4273712256136,202.06508282320337,nll_uniy_0
538,relearn,1,2,0,55.807835057632104,69.35955385112004,147.92944807421625,nll_uniy_1
539,relearn,1,2,1,36.39498473288698,69.35955385112004,147.92944807421625,nll_uniy_1
540,relearn,1,2,0,-0.999999455272563,61.390431731807105,136.5963740215785,nll_glc_0
541,relearn,1,2,1,63.28524739096674,61.390431731807105,136.5963740215785,nll_glc_0
542,relearn,1,2,2,36.39751928799113,61.390431731807105,136.5963740215785,nll_glc_0
543,relearn,1,2,0,0.9601248521543497,60.68505607640665,135.18562271077758,nll_glc_1
544,relearn,1,2,1,-75.34548604551789,60.68505607640665,135.18562271077758,nll_glc_1
545,relearn,1,2,2,36.39086088773671,60.68505607640665,135.18562271077758,nll_glc_1
546,relearn,1,6,0,44.45331182594007,110.51291920771163,230.23617878739944,nll_unix_0
547,relearn,1,6,1,37.149320490742845,110.51291920771163,230.23617878739944,nll_unix_0
548,relearn,1,6,0,57.725640356420314,52.586384651123694,114.38310967422358,nll_unix_1
549,relearn,1,6,1,29.138406786657008,52.586384651123694,114.38310967422358,nll_unix_1
550,relearn,1,6,0,44.74757144512679,89.48428861551255,188.17891760300128,nll_uniy_0
551,relearn,1,6,1,37.15055311935488,89.48428861551255,188.17891760300128,nll_uniy_0
552,relearn,1,6,0,59.59227835812695,76.03301539970644,161.27637117138906,nll_uniy_1
553,relearn,1,6,1,37.15022045673686,76.03301539970644,161.27637117138906,nll_uniy_1
554,relearn,1,6,0,-0.9924025241039889,52.27909404985499,118.37369865767425,nll_glc_0
555,relearn,1,6,1,50.649166727280296,52.27909404985499,118.37369865767425,nll_glc_0
556,relearn,1,6,2,27.495719601612734,52.27909404985499,118.37369865767425,nll_glc_0
557,relearn,1,6,0,0.999992333322661,52.605337028399596,119.02618461476347,nll_glc_1
558,relearn,1,6,1,-58.03339778025961,52.605337028399596,119.02618461476347,nll_glc_1
559,relearn,1,6,2,29.769902845642008,52.605337028399596,119.02618461476347,nll_glc_1
560,relearn,3,2,0,56.055196408581594,103.08298141322982,215.3763031984358,nll_unix_0
561,relearn,3,2,1,39.1668381454569,103.08298141322982,215.3763031984358,nll_unix_0
562,relearn,3,2,0,48.792294031881376,58.56239359623413,126.33512756444445,nll_unix_1
563,relearn,3,2,1,38.39212569059667,58.56239359623413,126.33512756444445,nll_unix_1
564,relearn,3,2,0,51.61418875313492,59.553459467630006,128.31725930723618,nll_uniy_0
565,relearn,3,2,1,39.02286110541253,59.553459467630006,128.31725930723618,nll_uniy_0
566,relearn,3,2,0,44.08918022499378,101.64222427911236,212.49478893020088,nll_uniy_1
567,relearn,3,2,1,39.164373889753136,101.64222427911236,212.49478893020088,nll_uniy_1
568,relearn,3,2,0,-0.7084777109740154,32.69749311931517,79.21049679659461,nll_glc_0
569,relearn,3,2,1,2.7959675442346987,32.69749311931517,79.21049679659461,nll_glc_0
570,relearn,3,2,2,13.558536232813072,32.69749311931517,79.21049679659461,nll_glc_0
571,relearn,3,2,0,0.9999999789600709,58.57168635487263,130.95888326770955,nll_glc_1
572,relearn,3,2,1,-48.52102102787917,58.57168635487263,130.95888326770955,nll_glc_1
573,relearn,3,2,2,38.405305272564775,58.57168635487263,130.95888326770955,nll_glc_1
574,relearn,3,6,0,57.32122440826173,101.59456711397203,212.39947459992024,nll_unix_0
575,relearn,3,6,1,37.87570054737783,101.59456711397203,212.39947459992024,nll_unix_0
576,relearn,3,6,0,42.33597517546168,56.85227083877915,122.91488204953448,nll_unix_1
577,relearn,3,6,1,34.036358038297124,56.85227083877915,122.91488204953448,nll_unix_1
578,relearn,3,6,0,55.8168289496775,61.89999575366525,133.01033187930668,nll_uniy_0
579,relearn,3,6,1,37.87416451089472,61.89999575366525,133.01033187930668,nll_uniy_0
580,relearn,3,6,0,40.651933077004216,100.55902258407305,210.32838554012227,nll_uniy_1
581,relearn,3,6,1,37.877010519875526,100.55902258407305,210.32838554012227,nll_uniy_1
582,relearn,3,6,0,-0.7953880941114243,40.43303750499632,94.68158556795692,nll_glc_0
583,relearn,3,6,1,5.14534063443941,40.43303750499632,94.68158556795692,nll_glc_0
584,relearn,3,6,2,17.42148961575951,40.43303750499632,94.68158556795692,nll_glc_0
585,relearn,3,6,0,0.9999998744727734,56.86878402860469,127.55307861517366,nll_glc_1
586,relearn,3,6,1,-42.43462844764717,56.86878402860469,127.55307861517366,nll_glc_1
587,relearn,3,6,2,34.656091228002964,56.86878402860469,127.55307861517366,nll_glc_1
588,relearn,5,2,0,45.27579213977629,114.935411282084,239.08116293614418,nll_unix_0
589,relearn,5,2,1,38.7963395106473,114.935411282084,239.08116293614418,nll_unix_0
590,relearn,5,2,0,53.269204525026936,47.498044533050496,104.20642943807718,nll_unix_1
591,relearn,5,2,1,24.73978335559854,47.498044533050496,104.20642943807718,nll_unix_1
592,relearn,5,2,0,40.83202367800091,81.02771958477865,171.26577954153348,nll_uniy_0
593,relearn,5,2,1,38.79763402784812,81.02771958477865,171.26577954153348,nll_uniy_0
594,relearn,5,2,0,48.45085609185656,77.64597619556537,164.5022927631069,nll_uniy_1
595,relearn,5,2,1,38.79822234392984,77.64597619556537,164.5022927631069,nll_uniy_1
596,relearn,5,2,0,-0.965328433632596,45.821225489493244,105.45796153695076,nll_glc_0
597,relearn,5,2,1,39.80551906984361,45.821225489493244,105.45796153695076,nll_glc_0
598,relearn,5,2,2,21.778239836924037,45.821225489493244,105.45796153695076,nll_glc_0
599,relearn,5,2,0,0.999999812549351,47.508652268989636,108.83281509594354,nll_glc_1
600,relearn,5,2,1,-53.49778101676266,47.508652268989636,108.83281509594354,nll_glc_1
601,relearn,5,2,2,25.090016231625793,47.508652268989636,108.83281509594354,nll_glc_1
602,relearn,5,6,0,44.27971096777703,96.88719758600888,202.98473554399393,nll_unix_0
603,relearn,5,6,1,38.69443769852974,96.88719758600888,202.98473554399393,nll_unix_0
604,relearn,5,6,0,55.024517400407234,58.4987512105086,126.20784279299339,nll_unix_1
605,relearn,5,6,1,35.632917837216475,58.4987512105086,126.20784279299339,nll_unix_1
606,relearn,5,6,0,45.734630105759805,81.15648481972019,171.52331001141656,nll_uniy_0
607,relearn,5,6,1,38.684296724264655,81.15648481972019,171.52331001141656,nll_uniy_0
608,relearn,5,6,0,57.320213097910965,77.74311708176987,164.6965745355159,nll_uniy_1
609,relearn,5,6,1,38.69499626776358,77.74311708176987,164.6965745355159,nll_uniy_1
610,relearn,5,6,0,-0.9869588415009014,58.134131965656564,130.0837744892774,nll_glc_0
611,relearn,5,6,1,45.80538037739163,58.134131965656564,130.0837744892774,nll_glc_0
612,relearn,5,6,2,32.84821712300346,58.134131965656564,130.0837744892774,nll_glc_0
613,relearn,5,6,0,0.9999999186915609,58.50289814470132,130.8213068473669,nll_glc_1
614,relearn,5,6,1,-55.20569683180757,58.50289814470132,130.8213068473669,nll_glc_1
615,relearn,5,6,2,36.19214478048348,58.50289814470132,130.8213068473669,nll_glc_1
616,relearn,7,2,0,61.782455604447364,98.29397164548868,205.79828366295354,nll_unix_0
617,relearn,7,2,1,36.50188847419912,98.29397164548868,205.79828366295354,nll_unix_0
618,relearn,7,2,0,37.970455724055455,58.322428418500785,125.85519720897776,nll_unix_1
619,relearn,7,2,1,36.50375560412234,58.322428418500785,125.85519720897776,nll_unix_1
620,relearn,7,2,0,59.783801409536174,53.86673889434705,116.94381816067029,nll_uniy_0
621,relearn,7,2,1,35.52716045423412,53.86673889434705,116.94381816067029,nll_uniy_0
622,relearn,7,2,0,36.329772926916725,109.05928296096246,227.3289062939011,nll_uniy_1
623,relearn,7,2,1,36.5041729286517,109.05928296096246,227.3289062939011,nll_uniy_1
624,relearn,7,2,0,-0.6963764134028692,36.140527145943786,86.09656484985184,nll_glc_0
625,relearn,7,2,1,-7.105095285639936,36.140527145943786,86.09656484985184,nll_glc_0
626,relearn,7,2,2,16.78386052577885,36.140527145943786,86.09656484985184,nll_glc_0
627,relearn,7,2,0,0.9999999936875499,58.339022465485435,130.49355548893516,nll_glc_1
628,relearn,7,2,1,-38.155065026374324,58.339022465485435,130.49355548893516,nll_glc_1
629,relearn,7,2,2,36.22173619338966,58.339022465485435,130.49355548893516,nll_glc_1
630,relearn,7,6,0,58.533901255247386,103.00142908395611,215.2131985398884,nll_unix_0
631,relearn,7,6,1,39.21150221733136,103.00142908395611,215.2131985398884,nll_unix_0
632,relearn,7,6,0,43.15845337698044,63.009893441189774,135.23012725435572,nll_unix_1
633,relearn,7,6,1,39.202446527433665,63.009893441189774,135.23012725435572,nll_unix_1
634,relearn,7,6,0,61.58306263888682,62.70492482700785,134.6201900259919,nll_uniy_0
635,relearn,7,6,1,39.21526265062606,62.70492482700785,134.6201900259919,nll_uniy_0
636,relearn,7,6,0,47.747698528765596,95.96990799111418,201.15015635420454,nll_uniy_1
637,relearn,7,6,1,39.21324245074088,95.96990799111418,201.15015635420454,nll_uniy_1
638,relearn,7,6,0,-0.6573413669156628,45.96210803270657,105.73972662337741,nll_glc_0
639,relearn,7,6,1,-12.758296523166306,45.96210803270657,105.73972662337741,nll_glc_0
640,relearn,7,6,2,19.75059932776398,45.96210803270657,105.73972662337741,nll_glc_0
641,relearn,7,6,0,0.9999999871208447,63.02564179173542,139.86679414143512,nll_glc_1
642,relearn,7,6,1,-43.017988435058435,63.02564179173542,139.86679414143512,nll_glc_1
643,relearn,7,6,2,39.139635309221916,63.02564179173542,139.86679414143512,nll_glc_1
644,relearn,9,2,0,61.935758547215,95.32231782059583,199.85497601316783,nll_unix_0
645,relearn,9,2,1,37.44240987254365,95.32231782059583,199.85497601316783,nll_unix_0
646,relearn,9,2,0,45.256533528707266,66.37591491359129,141.96217019915875,nll_unix_1
647,relearn,9,2,1,37.4428268413576,66.37591491359129,141.96217019915875,nll_unix_1
648,relearn,9,2,0,59.227413343871625,92.63501751574907,194.4803754034743,nll_uniy_0
649,relearn,9,2,1,37.42102081035443,92.63501751574907,194.4803754034743,nll_uniy_0
650,relearn,9,2,0,39.845443964100774,67.35749148914505,143.92532335026627,nll_uniy_1
651,relearn,9,2,1,37.42227613113835,67.35749148914505,143.92532335026627,nll_uniy_1
652,relearn,9,2,0,-0.9999989082201347,66.39699784422132,146.6095062464069,nll_glc_0
653,relearn,9,2,1,44.4939504829247,66.39699784422132,146.6095062464069,nll_glc_0
654,relearn,9,2,2,37.425388502696535,66.39699784422132,146.6095062464069,nll_glc_0
655,relearn,9,2,0,0.7525102954796228,63.98353709999726,141.7825847579588,nll_glc_1
656,relearn,9,2,1,-63.61522409984233,63.98353709999726,141.7825847579588,nll_glc_1
657,relearn,9,2,2,37.433196693996216,63.98353709999726,141.7825847579588,nll_glc_1
658,relearn,9,6,0,65.69735249193106,84.38869216648835,177.98772470495288,nll_unix_0
659,relearn,9,6,1,39.70872474632349,84.38869216648835,177.98772470495288,nll_unix_0
660,relearn,9,6,0,36.531243610978535,68.50784487968667,146.22603013134952,nll_unix_1
661,relearn,9,6,1,39.70704919614799,68.50784487968667,146.22603013134952,nll_unix_1
662,relearn,9,6,0,63.30035280245087,74.63073781732407,158.47181600662432,nll_uniy_0
663,relearn,9,6,1,39.70570510022765,74.63073781732407,158.47181600662432,nll_uniy_0
664,relearn,9,6,0,33.21443845671078,79.08647263716362,167.38328564630342,nll_uniy_1
665,relearn,9,6,1,39.707131046809835,79.08647263716362,167.38328564630342,nll_uniy_1
666,relearn,9,6,0,-0.8535644837463694,65.65527538846521,145.1260613348947,nll_glc_0
667,relearn,9,6,1,3.351622070158967,65.65527538846521,145.1260613348947,nll_glc_0
668,relearn,9,6,2,39.68039256393344,65.65527538846521,145.1260613348947,nll_glc_0
669,relearn,9,6,0,0.999998014301581,68.52986026922677,150.87523109641782,nll_glc_1
670,relearn,9,6,1,-36.1036394912025,68.52986026922677,150.87523109641782,nll_glc_1
671,relearn,9,6,2,39.682397852383424,68.52986026922677,150.87523109641782,nll_glc_1
672,relearn,11,2,0,54.2817558841481,118.79154726790648,246.79343490778913,nll_unix_0
673,relearn,11,2,1,38.043157297851565,118.79154726790648,246.79343490778913,nll_unix_0
674,relearn,11,2,0,48.748086122987736,41.09227379695643,91.39488796588904,nll_unix_1
675,relearn,11,2,1,19.561035914899026,41.09227379695643,91.39488796588904,nll_unix_1
676,relearn,11,2,0,49.51383370567601,94.09196120956642,197.394262791109,nll_uniy_0
677,relearn,11,2,1,38.04315498961495,94.09196120956642,197.394262791109,nll_uniy_0
678,relearn,11,2,0,43.04272968806095,69.43079287898128,148.07192612993873,nll_uniy_1
679,relearn,11,2,1,38.02663838680866,69.43079287898128,148.07192612993873,nll_uniy_1
680,relearn,11,2,0,-0.9991464903671686,41.03993319742213,95.89537695280853,nll_glc_0
681,relearn,11,2,1,46.767055106820976,41.03993319742213,95.89537695280853,nll_glc_0
682,relearn,11,2,2,19.348810611170364,41.03993319742213,95.89537695280853,nll_glc_0
683,relearn,11,2,0,0.9999999806839015,41.093308747937094,96.00212805383846,nll_glc_1
684,relearn,11,2,1,-48.79748652240849,41.093308747937094,96.00212805383846,nll_glc_1
685,relearn,11,2,2,19.421386854385577,41.093308747937094,96.00212805383846,nll_glc_1
686,relearn,11,6,0,47.499303511568236,104.66188154037877,218.53410345273372,nll_unix_0
687,relearn,11,6,1,37.31422555102546,104.66188154037877,218.53410345273372,nll_unix_0
688,relearn,11,6,0,50.58559646904976,56.98584261456571,123.18202560110761,nll_unix_1
689,relearn,11,6,1,32.09193433168552,56.98584261456571,123.18202560110761,nll_unix_1
690,relearn,11,6,0,48.06593539697528,89.1436567679601,187.49765390789636,nll_uniy_0
691,relearn,11,6,1,37.32431262590043,89.1436567679601,187.49765390789636,nll_uniy_0
692,relearn,11,6,0,52.19397024494108,76.85750681464604,162.92535400126826,nll_uniy_1
693,relearn,11,6,1,37.32360898666522,76.85750681464604,162.92535400126826,nll_uniy_1
694,relearn,11,6,0,-0.9999949826445824,56.98760463205876,127.7907198220818,nll_glc_0
695,relearn,11,6,1,50.299491766033036,56.98760463205876,127.7907198220818,nll_glc_0
696,relearn,11,6,2,31.900160878721223,56.98760463205876,127.7907198220818,nll_glc_0
697,relearn,11,6,0,0.9999873639861327,56.98497494015802,127.78546043828031,nll_glc_1
698,relearn,11,6,1,-50.85768790215344,56.98497494015802,127.78546043828031,nll_glc_1
699,relearn,11,6,2,32.238491118016306,56.98497494015802,127.78546043828031,nll_glc_1
700,relearn,13,2,0,55.092099388370094,110.92154447609374,231.05342932416366,nll_unix_0
701,relearn,13,2,1,37.04480647978198,110.92154447609374,231.05342932416366,nll_unix_0
702,relearn,13,2,0,47.41911285729182,50.79372821122628,110.79779679442875,nll_unix_1
703,relearn,13,2,1,25.648428193666057,50.79372821122628,110.79779679442875,nll_unix_1
704,relearn,13,2,0,55.56932843628566,74.220277489289,157.65089535055418,nll_uniy_0
705,relearn,13,2,1,37.05051119457265,74.220277489289,157.65089535055418,nll_uniy_0
706,relearn,13,2,0,45.4863022851417,87.39938511479991,184.009110601576,nll_uniy_1
707,relearn,13,2,1,37.047346907204904,87.39938511479991,184.009110601576,nll_uniy_1
708,relearn,13,2,0,-0.9170969749052291,45.274454582388685,104.36441972274164,nll_glc_0
709,relearn,13,2,1,23.261615626857303,45.274454582388685,104.36441972274164,nll_glc_0
710,relearn,13,2,2,19.43356712836904,45.274454582388685,104.36441972274164,nll_glc_0
711,relearn,13,2,0,0.9999999811992006,50.804594736692614,115.4247000313495,nll_glc_1
712,relearn,13,2,1,-47.86029649257658,50.804594736692614,115.4247000313495,nll_glc_1
713,relearn,13,2,2,25.911613415200755,50.804594736692614,115.4247000313495,nll_glc_1
714,relearn,13,6,0,64.68783642370306,105.71924205735905,220.64882448669428,nll_unix_0
715,relearn,13,6,1,37.0635664624577,105.71924205735905,220.64882448669428,nll_unix_0
716,relearn,13,6,0,44.493135119189624,44.66110431511381,98.53254900220381,nll_unix_1
717,relearn,13,6,1,19.024998578035138,44.66110431511381,98.53254900220381,nll_unix_1
718,relearn,13,6,0,65.19176813461422,60.91392443337958,131.03818923873533,nll_uniy_0
719,relearn,13,6,1,37.06038399207489,60.91392443337958,131.03818923873533,nll_uniy_0
720,relearn,13,6,0,40.60396232647908,97.3467768429681,203.90389405791237,nll_uniy_1
721,relearn,13,6,1,37.06439188516002,97.3467768429681,203.90389405791237,nll_uniy_1
722,relearn,13,6,0,-0.9030890746634369,29.63906488727683,73.09364033251794,nll_glc_0
723,relearn,13,6,1,17.620232220875895,29.63906488727683,73.09364033251794,nll_glc_0
724,relearn,13,6,2,11.570511713609585,29.63906488727683,73.09364033251794,nll_glc_0
725,relearn,13,6,0,0.9999999826836159,44.676175006541676,103.16786057104763,nll_glc_1
726,relearn,13,6,1,-44.366392448641044,44.676175006541676,103.16786057104763,nll_glc_1
727,relearn,13,6,2,19.55916246131008,44.676175006541676,103.16786057104763,nll_glc_1
728,relearn,15,2,0,49.63760597920337,116.14710972436467,241.5045598207055,nll_unix_0
729,relearn,15,2,1,37.74367068316438,116.14710972436467,241.5045598207055,nll_unix_0
730,relearn,15,2,0,48.804285706155156,42.57288832690268,94.35611702578154,nll_unix_1
731,relearn,15,2,1,19.21530948643728,42.57288832690268,94.35611702578154,nll_unix_1
732,relearn,15,2,0,48.02605737037527,76.46396095472778,162.13826228143174,nll_uniy_0
733,relearn,15,2,1,37.74172877713572,76.46396095472778,162.13826228143174,nll_uniy_0
734,relearn,15,2,0,46.586185731997155,88.52690104370444,186.26414245938506,nll_uniy_1
735,relearn,15,2,1,37.740929750059834,88.52690104370444,186.26414245938506,nll_uniy_1
736,relearn,15,2,0,-0.9571035097739183,37.639307419453246,89.09412539687077,nll_glc_0
737,relearn,15,2,1,32.45485201824205,37.639307419453246,89.09412539687077,nll_glc_0
738,relearn,15,2,2,15.729119677079996,37.639307419453246,89.09412539687077,nll_glc_0
739,relearn,15,2,0,0.9999997661867253,42.592261963685516,99.0000344853353,nll_glc_1
740,relearn,15,2,1,-48.87190992227636,42.592261963685516,99.0000344853353,nll_glc_1
741,relearn,15,2,2,19.1262892123382,42.592261963685516,99.0000344853353,nll_glc_1
742,relearn,15,6,0,55.863208369059876,81.58591779690988,172.38217596579594,nll_unix_0
743,relearn,15,6,1,38.66392473874937,81.58591779690988,172.38217596579594,nll_unix_0
744,relearn,15,6,0,41.469993280543925,77.12829165465035,163.46692368127688,nll_unix_1
745,relearn,15,6,1,38.66533514662715,77.12829165465035,163.46692368127688,nll_unix_1
746,relearn,15,6,0,61.0255139953056,48.88849875567179,106.98733788331977,nll_uniy_0
747,relearn,15,6,1,24.93631912388012,48.88849875567179,106.98733788331977,nll_uniy_0
748,relearn,15,6,0,48.25452762203503,111.50795671155652,232.2262537950892,nll_uniy_1
749,relearn,15,6,1,38.65734124931882,111.50795671155652,232.2262537950892,nll_uniy_1
750,relearn,15,6,0,-0.39492281278886054,43.411828852606604,100.63916826317748,nll_glc_0
751,relearn,15,6,1,-36.92852444651825,43.411828852606604,100.63916826317748,nll_glc_0
752,relearn,15,6,2,17.92281429389513,43.411828852606604,100.63916826317748,nll_glc_0
753,relearn,15,6,0,-0.999999722475718,81.60586232603967,177.0272352100436,nll_glc_1
754,relearn,15,6,1,56.09876218371028,81.60586232603967,177.0272352100436,nll_glc_1
755,relearn,15,6,2,38.658217678309576,81.60586232603967,177.0272352100436,nll_glc_1
756,relearn,17,2,0,40.96009009281797,99.93623147232286,209.0828033166219,nll_unix_0
757,relearn,17,2,1,39.26644024587032,99.93623147232286,209.0828033166219,nll_unix_0
758,relearn,17,2,0,60.478239195880555,59.06993790600495,127.35021618398609,nll_unix_1
759,relearn,17,2,1,39.202843280684036,59.06993790600495,127.35021618398609,nll_unix_1
760,relearn,17,2,0,39.53144450968978,65.00491203746888,139.22016444691394,nll_uniy_0
761,relearn,17,2,1,39.26245454323852,65.00491203746888,139.22016444691394,nll_uniy_0
762,relearn,17,2,0,59.81171222819523,91.4864866445236,192.18331366102336,nll_uniy_1
763,relearn,17,2,1,39.26629486044408,91.4864866445236,192.18331366102336,nll_uniy_1
764,relearn,17,2,0,-0.7665414873155394,49.105290261460596,112.02609108088546,nll_glc_0
765,relearn,17,2,1,13.29386990411398,49.105290261460596,112.02609108088546,nll_glc_0
766,relearn,17,2,2,22.503946214845403,49.105290261460596,112.02609108088546,nll_glc_0
767,relearn,17,2,0,0.9999999778502819,59.07438091592648,131.96427238981724,nll_glc_1
768,relearn,17,2,1,-60.4204069660453,59.07438091592648,131.96427238981724,nll_glc_1
769,relearn,17,2,2,39.20341652317671,59.07438091592648,131.96427238981724,nll_glc_1
770,relearn,17,6,0,49.27870013574887,108.3803842787526,225.97110892948137,nll_unix_0
771,relearn,17,6,1,36.56988693405566,108.3803842787526,225.97110892948137,nll_unix_0
772,relearn,17,6,0,55.96991737525683,66.8171832402947,142.84470685256557,nll_unix_1
773,relearn,17,6,1,36.57218079028449,66.8171832402947,142.84470685256557,nll_unix_1
774,relearn,17,6,0,46.021936314023016,70.92466995363154,151.05968027923925,nll_uniy_0
775,relearn,17,6,1,36.57174246279009,70.92466995363154,151.05968027923925,nll_uniy_0
776,relearn,17,6,0,51.7452221870603,95.20439470691184,199.61912978579986,nll_uniy_1
777,relearn,17,6,1,36.57105891983379,95.20439470691184,199.61912978579986,nll_uniy_1
778,relearn,17,6,0,-0.7206322729787527,56.04621548756444,125.90794153309315,nll_glc_0
779,relearn,17,6,1,6.153756786333277,56.04621548756444,125.90794153309315,nll_glc_0
780,relearn,17,6,2,29.486337129463163,56.04621548756444,125.90794153309315,nll_glc_0
781,relearn,17,6,0,0.9999999715243382,66.82369776417823,147.46290608632074,nll_glc_1
782,relearn,17,6,1,-55.91997497253515,66.82369776417823,147.46290608632074,nll_glc_1
783,relearn,17,6,2,36.56987488876827,66.82369776417823,147.46290608632074,nll_glc_1
784,relearn,19,2,0,51.25073611376938,122.14827305644111,253.5068864848584,nll_unix_0
785,relearn,19,2,1,37.51555319285414,122.14827305644111,253.5068864848584,nll_unix_0
786,relearn,19,2,0,49.353588266538075,37.17779484596585,83.56593006390789,nll_unix_1
787,relearn,19,2,1,19.293046047289224,37.17779484596585,83.56593006390789,nll_unix_1
788,relearn,19,2,0,51.071800619484364,78.06778868508317,165.34591774214252,nll_uniy_0
789,relearn,19,2,1,37.507994511724675,78.06778868508317,165.34591774214252,nll_uniy_0
790,relearn,19,2,0,45.994341351411116,82.4082541224588,174.02684861689377,nll_uniy_1
791,relearn,19,2,1,37.51483358550679,82.4082541224588,174.02684861689377,nll_uniy_1
792,relearn,19,2,0,-0.9500766654688579,32.09599213681978,78.00749483160384,nll_glc_0
793,relearn,19,2,1,31.323346804302847,32.09599213681978,78.00749483160384,nll_glc_0
794,relearn,19,2,2,15.405956373045091,32.09599213681978,78.00749483160384,nll_glc_0
795,relearn,19,2,0,0.9999999928353136,37.18181147487756,88.1791335077194,nll_glc_1
796,relearn,19,2,1,-49.27072939184604,37.18181147487756,88.1791335077194,nll_glc_1
797,relearn,19,2,2,19.223914124243386,37.18181147487756,88.1791335077194,nll_glc_1
798,relearn,19,6,0,57.48030061850192,107.11768445131139,223.44570927459895,nll_unix_0
799,relearn,19,6,1,36.54946744049454,107.11768445131139,223.44570927459895,nll_unix_0
800,relearn,19,6,0,37.97196844242724,52.90333550343852,115.01701137885323,nll_unix_1
801,relearn,19,6,1,31.350793213950748,52.90333550343852,115.01701137885323,nll_unix_1
802,relearn,19,6,0,59.63847122214575,72.61427302323918,154.43888641845453,nll_uniy_0
803,relearn,19,6,1,36.554866872139286,72.61427302323918,154.43888641845453,nll_uniy_0
804,relearn,19,6,0,40.084368313841836,88.13384220956753,185.47802479111124,nll_uniy_1
805,relearn,19,6,1,36.554904314826075,88.13384220956753,185.47802479111124,nll_uniy_1
806,relearn,19,6,0,-0.8950414425559846,46.685837513508744,107.18718558498176,nll_glc_0
807,relearn,19,6,1,12.589519064965515,46.685837513508744,107.18718558498176,nll_glc_0
808,relearn,19,6,2,21.391357077789706,46.685837513508744,107.18718558498176,nll_glc_0
809,relearn,19,6,0,0.9999999181016641,52.91404142297501,119.6435934039143,nll_glc_1
810,relearn,19,6,1,-37.995529240961766,52.91404142297501,119.6435934039143,nll_glc_1
811,relearn,19,6,2,30.65991120323948,52.91404142297501,119.6435934039143,nll_glc_1
812,relearn,21,2,0,49.6967812857123,110.43812776506837,230.08659590211292,nll_unix_0
813,relearn,21,2,1,38.62063381239347,110.43812776506837,230.08659590211292,nll_unix_0
814,relearn,21,2,0,50.25703031013153,44.77053829112819,98.75141695423257,nll_unix_1
815,relearn,21,2,1,18.846033346896782,44.77053829112819,98.75141695423257,nll_unix_1
816,relearn,21,2,0,48.33048971877291,74.59888133084652,158.40810303366922,nll_uniy_0
817,relearn,21,2,1,38.61997842420269,74.59888133084652,158.40810303366922,nll_uniy_0
818,relearn,21,2,0,49.73690404696611,84.85087480983205,178.91208999164027,nll_uniy_1
819,relearn,21,2,1,38.61841738911371,84.85087480983205,178.91208999164027,nll_uniy_1
820,relearn,21,2,0,-0.9558008789867124,40.71496583793618,95.24544223383663,nll_glc_0
821,relearn,21,2,1,33.4320864746819,40.71496583793618,95.24544223383663,nll_glc_0
822,relearn,21,2,2,16.052073118723087,40.71496583793618,95.24544223383663,nll_glc_0
823,relearn,21,2,0,0.9999998021612424,44.787330349671336,103.39017125730695,nll_glc_1
824,relearn,21,2,1,-50.494115652792715,44.787330349671336,103.39017125730695,nll_glc_1
825,relearn,21,2,2,19.051112202350836,44.787330349671336,103.39017125730695,nll_glc_1
826,relearn,21,6,0,47.59791306215083,104.98389565051039,219.17813167299695,nll_unix_0
827,relearn,21,6,1,39.23022061084478,104.98389565051039,219.17813167299695,nll_unix_0
828,relearn,21,6,0,42.02187842529641,58.73914146926526,126.68862331050671,nll_unix_1
829,relearn,21,6,1,39.14965750135647,58.73914146926526,126.68862331050671,nll_unix_1
830,relearn,21,6,0,51.56327292277372,68.6844264028193,146.57919317761477,nll_uniy_0
831,relearn,21,6,1,39.232186974544994,68.6844264028193,146.57919317761477,nll_uniy_0
832,relearn,21,6,0,45.03644279212291,91.31095246687266,191.8322453057215,nll_uniy_1
833,relearn,21,6,1,39.23207130361389,91.31095246687266,191.8322453057215,nll_uniy_1
834,relearn,21,6,0,-0.7949479396834817,47.84558672216809,109.50668400230046,nll_glc_0
835,relearn,21,6,1,4.102086974497993,47.84558672216809,109.50668400230046,nll_glc_0
836,relearn,21,6,2,20.34662162714662,47.84558672216809,109.50668400230046,nll_glc_0
837,relearn,21,6,0,0.9999999987450516,58.74383976708705,131.30319009213838,nll_glc_1
838,relearn,21,6,1,-42.268975271832744,58.74383976708705,131.30319009213838,nll_glc_1
839,relearn,21,6,2,38.63750112783719,58.74383976708705,131.30319009213838,nll_glc_1
840,relearn,23,2,0,51.13491919628152,118.22674026015446,245.6638208922851,nll_unix_0
841,relearn,23,2,1,37.63978162883819,118.22674026015446,245.6638208922851,nll_unix_0
842,relearn,23,2,0,49.00334582668784,44.26384190574552,97.73802418346723,nll_unix_1
843,relearn,23,2,1,21.40837068403394,44.26384190574552,97.73802418346723,nll_unix_1
844,relearn,23,2,0,53.99405868560439,80.02894298896045,169.26822634989708,nll_uniy_0
845,relearn,23,2,1,37.6371019063923,80.02894298896045,169.26822634989708,nll_uniy_0
846,relearn,23,2,0,50.32763298239404,86.62393932666933,182.45821902531483,nll_uniy_1
847,relearn,23,2,1,37.63408309040635,86.62393932666933,182.45821902531483,nll_uniy_1
848,relearn,23,2,0,-0.921930142953632,32.72592337155795,79.26735730108017,nll_glc_0
849,relearn,23,2,1,25.41514277998641,32.72592337155795,79.26735730108017,nll_glc_0
850,relearn,23,2,2,12.397372045598312,32.72592337155795,79.26735730108017,nll_glc_0
851,relearn,23,2,0,0.9999999882137045,44.27167264302717,102.35885584401862,nll_glc_1
852,relearn,23,2,1,-49.02464727661451,44.27167264302717,102.35885584401862,nll_glc_1
853,relearn,23,2,2,21.656069439062126,44.27167264302717,102.35885584401862,nll_glc_1
854,relearn,23,6,0,42.065374951038784,117.59222757719533,244.39479552636683,nll_unix_0
855,relearn,23,6,1,38.067701658659914,117.59222757719533,244.39479552636683,nll_unix_0
856,relearn,23,6,0,50.00837336870818,45.539193859875624,100.28872809172744,nll_unix_1
857,relearn,23,6,1,22.93137671536888,45.539193859875624,100.28872809172744,nll_unix_1
858,relearn,23,6,0,44.90984200850575,73.16894299089691,155.54822635377,nll_uniy_0
859,relearn,23,6,1,38.05981962385024,73.16894299089691,155.54822635377,nll_uniy_0
860,relearn,23,6,0,51.90153700406428,89.02221604298751,187.2547724579512,nll_uniy_1
861,relearn,23,6,1,38.06690984613516,89.02221604298751,187.2547724579512,nll_uniy_1
862,relearn,23,6,0,-0.8902452976555864,33.51633374810184,80.84817805416796,nll_glc_0
863,relearn,23,6,1,21.521147784231218,33.51633374810184,80.84817805416796,nll_glc_0
864,relearn,23,6,2,14.050786576989847,33.51633374810184,80.84817805416796,nll_glc_0
865,relearn,23,6,0,0.9999999893392595,45.544960536094266,104.9054316301528,nll_glc_1
866,relearn,23,6,1,-49.991050089205395,45.544960536094266,104.9054316301528,nll_glc_1
867,relearn,23,6,2,22.868021152295338,45.544960536094266,104.9054316301528,nll_glc_1
868,relearn,25,2,0,64.64695669489126,103.0904412066406,215.39122278525738,nll_unix_0
869,relearn,25,2,1,38.31778252218267,103.0904412066406,215.39122278525738,nll_unix_0
870,relearn,25,2,0,35.094156373070724,52.49838621771978,114.20711280741575,nll_unix_1
871,relearn,25,2,1,35.864053061216346,52.49838621771978,114.20711280741575,nll_unix_1
872,relearn,25,2,0,64.30731063882313,74.64066791202562,158.4916761960274,nll_uniy_0
873,relearn,25,2,1,38.323481446483115,74.64066791202562,158.4916761960274,nll_uniy_0
874,relearn,25,2,0,31.936895349573753,74.51319235544774,158.23672508287166,nll_uniy_1
875,relearn,25,2,1,38.32167902628539,74.51319235544774,158.23672508287166,nll_uniy_1
876,relearn,25,2,0,-0.9454161580751107,51.059188148750536,115.93388685546535,nll_glc_0
877,relearn,25,2,1,18.59723650543607,51.059188148750536,115.93388685546535,nll_glc_0
878,relearn,25,2,2,30.397357352701,51.059188148750536,115.93388685546535,nll_glc_0
879,relearn,25,2,0,0.9999994874760529,52.508317127348136,118.83214481266054,nll_glc_1
880,relearn,25,2,1,-34.76191798901266,52.508317127348136,118.83214481266054,nll_glc_1
881,relearn,25,2,2,36.41742983653303,52.508317127348136,118.83214481266054,nll_glc_1
882,relearn,25,6,0,56.78200940532786,109.67621159801647,228.5627635680091,nll_unix_0
883,relearn,25,6,1,38.115862076902516,109.67621159801647,228.5627635680091,nll_unix_0
884,relearn,25,6,0,43.379502841886804,51.987585316272515,113.18551100452122,nll_unix_1
885,relearn,25,6,1,28.638777538289276,51.987585316272515,113.18551100452122,nll_unix_1
886,relearn,25,6,0,59.248250085766095,81.34091798907156,171.89217635011929,nll_uniy_0
887,relearn,25,6,1,38.115886703110064,81.34091798907156,171.89217635011929,nll_uniy_0
888,relearn,25,6,0,44.51170145040048,78.35341327038168,165.91716691273953,nll_uniy_1
889,relearn,25,6,1,38.11485520424988,78.35341327038168,165.91716691273953,nll_uniy_1
890,relearn,25,6,0,-0.9541277250971036,49.967893562791616,113.7512976835475,nll_glc_0
891,relearn,25,6,1,26.41826948871954,49.967893562791616,113.7512976835475,nll_glc_0
892,relearn,25,6,2,23.610176082654004,49.967893562791616,113.7512976835475,nll_glc_0
893,relearn,25,6,0,0.999999988612768,51.9911010755554,117.79771270907507,nll_glc_1
894,relearn,25,6,1,-43.56523201966166,51.9911010755554,117.79771270907507,nll_glc_1
895,relearn,25,6,2,28.785908854013137,51.9911010755554,117.79771270907507,nll_glc_1
896,relearn,27,2,0,46.15191281831619,98.72434898738422,206.6590383467446,nll_unix_0
897,relearn,27,2,1,38.494299815800424,98.72434898738422,206.6590383467446,nll_unix_0
898,relearn,27,2,0,48.32896269582531,55.41415667640202,120.03865372478023,nll_unix_1
899,relearn,27,2,1,36.68194479530196,55.41415667640202,120.03865372478023,nll_unix_1
900,relearn,27,2,0,47.41037253096177,78.8520266810722,166.91439373412058,nll_uniy_0
901,relearn,27,2,1,38.49677938106631,78.8520266810722,166.91439373412058,nll_uniy_0
902,relearn,27,2,0,47.66551760337504,78.57129749525333,166.35293536248284,nll_uniy_1
903,relearn,27,2,1,38.49790954023938,78.57129749525333,166.35293536248284,nll_uniy_1
904,relearn,27,2,0,-0.9659706925325833,54.33210079998081,122.47971215792589,nll_glc_0
905,relearn,27,2,1,34.25818140950371,54.33210079998081,122.47971215792589,nll_glc_0
906,relearn,27,2,2,31.83572379496917,54.33210079998081,122.47971215792589,nll_glc_0
907,relearn,27,2,0,0.9999997585677112,55.420668129693865,124.656846817352,nll_glc_1
908,relearn,27,2,1,-48.699451551797445,55.420668129693865,124.656846817352,nll_glc_1
909,relearn,27,2,2,36.54044416938353,55.420668129693865,124.656846817352,nll_glc_1
910,relearn,27,6,0,50.30219938703501,82.76910500996875,174.74855039191368,nll_unix_0
911,relearn,27,6,1,39.3917815404674,82.76910500996875,174.74855039191368,nll_unix_0
912,relearn,27,6,0,45.795861944762166,73.91583094492347,157.04200226182311,nll_unix_1
913,relearn,27,6,1,39.39317234590685,73.91583094492347,157.04200226182311,nll_unix_1
914,relearn,27,6,0,45.53120401261391,89.85095615733732,188.91225268665082,nll_uniy_0
915,relearn,27,6,1,39.393011291530584,89.85095615733732,188.91225268665082,nll_uniy_0
916,relearn,27,6,0,40.33446500651175,72.21793757131508,153.64621551460633,nll_uniy_1
917,relearn,27,6,1,39.390509059065394,72.21793757131508,153.64621551460633,nll_uniy_1
918,relearn,27,6,0,-0.9999473372794547,73.93807294934244,161.69165645664916,nll_glc_0
919,relearn,27,6,1,44.74174488010631,73.93807294934244,161.69165645664916,nll_glc_0
920,relearn,27,6,2,39.38185749474327,73.93807294934244,161.69165645664916,nll_glc_0
921,relearn,27,6,0,-0.34227658736349176,71.68984006014237,157.19519067824902,nll_glc_1
922,relearn,27,6,1,-21.26396890370444,71.68984006014237,157.19519067824902,nll_glc_1
923,relearn,27,6,2,39.3897206681712,71.68984006014237,157.19519067824902,nll_glc_1
924,relearn,29,2,0,46.41986466847612,104.96356785280642,219.137476077589,nll_unix_0
925,relearn,29,2,1,38.88200216971691,104.96356785280642,219.137476077589,nll_unix_0
926,relearn,29,2,0,50.7421260570402,54.92811284449671,119.0665660609696,nll_unix_1
927,relearn,29,2,1,29.195639813176207,54.92811284449671,119.0665660609696,nll_unix_1
928,relearn,29,2,0,48.82373427433171,66.52902736626903,142.26839510451424,nll_uniy_0
929,relearn,29,2,1,38.87112146329105,66.52902736626903,142.26839510451424,nll_uniy_0
930,relearn,29,2,0,52.35096591642577,94.51701359609719,198.24436756417055,nll_uniy_1
931,relearn,29,2,1,38.88125904716162,94.51701359609719,198.24436756417055,nll_uniy_1
932,relearn,29,2,0,-0.845423752737456,44.138022114569765,102.0915547871038,nll_glc_0
933,relearn,29,2,1,15.566249263310553,44.138022114569765,102.0915547871038,nll_glc_0
934,relearn,29,2,2,18.69339830258966,44.138022114569765,102.0915547871038,nll_glc_0
935,relearn,29,2,0,0.9999999269117048,54.93947426212134,123.69445908220695,nll_glc_1
936,relearn,29,2,1,-50.9038579981249,54.93947426212134,123.69445908220695,nll_glc_1
937,relearn,29,2,2,29.184299517070247,54.93947426212134,123.69445908220695,nll_glc_1
938,relearn,29,6,0,44.97706751433167,109.36533780081237,227.9410159736009,nll_unix_0
939,relearn,29,6,1,38.34969842213253,109.36533780081237,227.9410159736009,nll_unix_0
940,relearn,29,6,0,46.37769447175897,50.18932511375105,109.5889905994783,nll_unix_1
941,relearn,29,6,1,24.911992714784784,50.18932511375105,109.5889905994783,nll_unix_1
942,relearn,29,6,0,48.27217043898953,74.07734009108327,157.36502055414272,nll_uniy_0
943,relearn,29,6,1,38.35391786143407,74.07734009108327,157.36502055414272,nll_uniy_0
944,relearn,29,6,0,49.39742660580818,87.26030292076007,183.7309462134963,nll_uniy_1
945,relearn,29,6,1,38.35703319322255,87.26030292076007,183.7309462134963,nll_uniy_1
946,relearn,29,6,0,-0.9200851433164265,44.51372742661607,102.84296541119642,nll_glc_0
947,relearn,29,6,1,23.388365205977717,44.51372742661607,102.84296541119642,nll_glc_0
948,relearn,29,6,2,18.858237783115737,44.51372742661607,102.84296541119642,nll_glc_0
949,relearn,29,6,0,0.9999999343170227,50.19734346914825,114.21019749626078,nll_glc_1
950,relearn,29,6,1,-46.21275368956447,50.19734346914825,114.21019749626078,nll_glc_1
951,relearn,29,6,2,24.562923820782707,50.19734346914825,114.21019749626078,nll_glc_1
952,relearn,31,2,0,54.35090398360914,120.89848667934791,251.007313730672,nll_unix_0
953,relearn,31,2,1,37.43022656716035,120.89848667934791,251.007313730672,nll_unix_0
954,relearn,31,2,0,55.16453577773582,46.96870586282354,103.14775209762327,nll_unix_1
955,relearn,31,2,1,28.769398282195056,46.96870586282354,103.14775209762327,nll_unix_1
956,relearn,31,2,0,52.08984581505307,91.54146820444075,192.29327678085767,nll_uniy_0
957,relearn,31,2,1,37.43288112628473,91.54146820444075,192.29327678085767,nll_uniy_0
958,relearn,31,2,0,52.23803781229592,68.92292749743261,147.0561953668414,nll_uniy_1
959,relearn,31,2,1,37.427398909954476,68.92292749743261,147.0561953668414,nll_uniy_1
960,relearn,31,2,0,-0.9999945750239231,46.98020774839921,107.77592605476269,nll_glc_0
961,relearn,31,2,1,54.710459699900795,46.98020774839921,107.77592605476269,nll_glc_0
962,relearn,31,2,2,28.607304331386338,46.98020774839921,107.77592605476269,nll_glc_0
963,relearn,31,2,0,0.9942071807104882,46.79478151404688,107.40507358605804,nll_glc_1
964,relearn,31,2,1,-60.36661921321052,46.79478151404688,107.40507358605804,nll_glc_1
965,relearn,31,2,2,29.241573156850798,46.79478151404688,107.40507358605804,nll_glc_1
966,relearn,31,6,0,63.05524905221624,98.41394494436484,206.03823026070586,nll_unix_0
967,relearn,31,6,1,37.15166316015373,98.41394494436484,206.03823026070586,nll_unix_0
968,relearn,31,6,0,46.94208664239531,60.40741522203653,130.02517081604924,nll_unix_1
969,relearn,31,6,1,37.14090118185027,60.40741522203653,130.02517081604924,nll_unix_1
970,relearn,31,6,0,56.13992783735543,72.16154014725048,153.53342066647713,nll_uniy_0
971,relearn,31,6,1,37.14562658860967,72.16154014725048,153.53342066647713,nll_uniy_0
972,relearn,31,6,0,39.271656506775095,87.6661074776457,184.54255532726756,nll_uniy_1
973,relearn,31,6,1,37.15337314681301,87.6661074776457,184.54255532726756,nll_uniy_1
974,relearn,31,6,0,-0.885336843012897,57.469946362368745,128.75540328270176,nll_glc_0
975,relearn,31,6,1,18.8662482942757,57.469946362368745,128.75540328270176,nll_glc_0
976,relearn,31,6,2,34.111943858500936,57.469946362368745,128.75540328270176,nll_glc_0
977,relearn,31,6,0,0.999999953844454,60.41328805265003,134.64208666326434,nll_glc_1
978,relearn,31,6,1,-46.50137028481365,60.41328805265003,134.64208666326434,nll_glc_1
979,relearn,31,6,2,37.10027744262533,60.41328805265003,134.64208666326434,nll_glc_1
980,relearn,33,2,0,48.19302045809938,102.18206579034893,213.57447195267403,nll_unix_0
981,relearn,33,2,1,36.26929850256526,102.18206579034893,213.57447195267403,nll_unix_0
982,relearn,33,2,0,46.10758869572244,63.32097083028831,135.8522820325528,nll_unix_1
983,relearn,33,2,1,36.271159322633864,63.32097083028831,135.8522820325528,nll_unix_1
984,relearn,33,2,0,48.36915501813173,74.62979183108392,158.46992403414401,nll_uniy_0
985,relearn,33,2,1,36.27168898196022,74.62979183108392,158.46992403414401,nll_uniy_0
986,relearn,33,2,0,47.725603450866885,91.45040025177968,192.11114087553554,nll_uniy_1
987,relearn,33,2,1,36.27038710102532,91.45040025177968,192.11114087553554,nll_uniy_1
988,relearn,33,2,0,-0.863016697238768,58.93806288510106,131.6916363281664,nll_glc_0
989,relearn,33,2,1,15.330744029454424,58.93806288510106,131.6916363281664,nll_glc_0
990,relearn,33,2,2,33.3292806903294,58.93806288510106,131.6916363281664,nll_glc_0
991,relearn,33,2,0,0.9999989654266783,63.351182243520256,140.51787504500479,nll_glc_1
992,relearn,33,2,1,-45.91362016666803,63.351182243520256,140.51787504500479,nll_glc_1
993,relearn,33,2,2,36.25362760267443,63.351182243520256,140.51787504500479,nll_glc_1
994,relearn,33,6,0,66.64866390131206,107.488515966064,224.18737230410417,nll_unix_0
995,relearn,33,6,1,37.062273115701885,107.488515966064,224.18737230410417,nll_unix_0
996,relearn,33,6,0,42.41498479560822,55.067472307371176,119.34528498671854,nll_unix_1
997,relearn,33,6,1,37.037773387981574,55.067472307371176,119.34528498671854,nll_unix_1
998,relearn,33,6,0,62.87659291798523,89.84645466914529,188.90324971026675,nll_uniy_0
999,relearn,33,6,1,37.062038501835204,89.84645466914529,188.90324971026675,nll_uniy_0
1000,relearn,33,6,0,37.61460896857443,69.62834774874165,148.46703586945947,nll_uniy_1
1001,relearn,33,6,1,37.0594395388766,69.62834774874165,148.46703586945947,nll_uniy_1
1002,relearn,33,6,0,-0.9998918227565318,55.06528673096637,123.94608401989701,nll_glc_0
1003,relearn,33,6,1,41.867527936124276,55.06528673096637,123.94608401989701,nll_glc_0
1004,relearn,33,6,2,37.020145013440384,55.06528673096637,123.94608401989701,nll_glc_0
1005,relearn,33,6,0,0.9999786754187314,55.073475131062736,123.96246082008975,nll_glc_1
1006,relearn,33,6,1,-43.004019815765425,55.073475131062736,123.96246082008975,nll_glc_1
1007,relearn,33,6,2,36.88564081643608,55.073475131062736,123.96246082008975,nll_glc_1
1008,relearn,35,2,0,55.98550931958791,108.13113898441426,225.4726183408047,nll_unix_0
1009,relearn,35,2,1,38.104223143321555,108.13113898441426,225.4726183408047,nll_unix_0
1010,relearn,35,2,0,43.105896471270654,44.54716350561647,98.30466738320912,nll_unix_1
1011,relearn,35,2,1,19.020069115955383,44.54716350561647,98.30466738320912,nll_unix_1
1012,relearn,35,2,0,53.618781482794944,59.47311879039816,128.1565779527725,nll_uniy_0
1013,relearn,35,2,1,38.04677742903864,59.47311879039816,128.1565779527725,nll_uniy_0
1014,relearn,35,2,0,37.865851933614586,102.5021926602962,214.21472569256858,nll_uniy_1
1015,relearn,35,2,1,38.10485321163936,102.5021926602962,214.21472569256858,nll_uniy_1
1016,relearn,35,2,0,-0.8969575983125154,22.73891278299029,59.293336123944854,nll_glc_0
1017,relearn,35,2,1,20.51110818930218,22.73891278299029,59.293336123944854,nll_glc_0
1018,relearn,35,2,2,9.592402763220774,22.73891278299029,59.293336123944854,nll_glc_0
1019,relearn,35,2,0,0.9999999967561513,44.55555525976891,102.92662107750209,nll_glc_1
1020,relearn,35,2,1,-42.92061099804674,44.55555525976891,102.92662107750209,nll_glc_1
1021,relearn,35,2,2,18.97966917153567,44.55555525976891,102.92662107750209,nll_glc_1
1022,relearn,35,6,0,53.84491353515822,98.12177611121132,205.4538925943988,nll_unix_0
1023,relearn,35,6,1,37.839760600570415,98.12177611121132,205.4538925943988,nll_unix_0
1024,relearn,35,6,0,41.85139205485197,64.62755684166082,138.4654540552978,nll_unix_1
1025,relearn,35,6,1,37.778191384768874,64.62755684166082,138.4654540552978,nll_unix_1
1026,relearn,35,6,0,56.78121995549306,62.9812749276509,135.17289022727797,nll_uniy_0
1027,relearn,35,6,1,37.819068167075855,62.9812749276509,135.17289022727797,nll_uniy_0
1028,relearn,35,6,0,44.600885863336806,97.01105192204459,203.23244421606535,nll_uniy_1
1029,relearn,35,6,1,37.839368875243274,97.01105192204459,203.23244421606535,nll_uniy_1
1030,relearn,35,6,0,-0.6761102776748497,54.26912371047355,122.35375797891137,nll_glc_0
1031,relearn,35,6,1,-9.39777708275085,54.26912371047355,122.35375797891137,nll_glc_0
1032,relearn,35,6,2,29.019118313519435,54.26912371047355,122.35375797891137,nll_glc_0
1033,relearn,35,6,0,0.9999999456078845,64.6326419454097,143.08079444878368,nll_glc_1
1034,relearn,35,6,1,-41.79875424881462,64.6326419454097,143.08079444878368,nll_glc_1
1035,relearn,35,6,2,37.79240037953835,64.6326419454097,143.08079444878368,nll_glc_1
1036,relearn,37,2,0,61.27211034928423,104.49130984427279,218.19296006052176,nll_unix_0
1037,relearn,37,2,1,37.85764499950173,104.49130984427279,218.19296006052176,nll_unix_0
1038,relearn,37,2,0,40.05717893930159,52.87420189441539,114.95874416080697,nll_unix_1
1039,relearn,37,2,1,29.671861646849464,52.87420189441539,114.95874416080697,nll_unix_1
1040,relearn,37,2,0,63.8021882900664,56.68458831634169,122.57951700465956,nll_uniy_0
1041,relearn,37,2,1,37.795383712811734,56.68458831634169,122.57951700465956,nll_uniy_0
1042,relearn,37,2,0,41.43177612354177,102.51883981462913,214.24802000123444,nll_uniy_1
1043,relearn,37,2,1,37.85968257744008,102.51883981462913,214.24802000123444,nll_uniy_1
1044,relearn,37,2,0,-0.7605365368948775,29.13972618809816,72.09496293416059,nll_glc_0
1045,relearn,37,2,1,-4.581358153353722,29.13972618809816,72.09496293416059,nll_glc_0
1046,relearn,37,2,2,12.474689331441917,29.13972618809816,72.09496293416059,nll_glc_0
1047,relearn,37,2,0,0.9999999918058027,52.881564632294584,119.57863982255344,nll_glc_1
1048,relearn,37,2,1,-39.81366260547369,52.881564632294584,119.57863982255344,nll_glc_1
1049,relearn,37,2,2,30.147784417039105,52.881564632294584,119.57863982255344,nll_glc_1
1050,relearn,37,6,0,63.3017012416246,102.06526861594821,213.3408776038726,nll_unix_0
1051,relearn,37,6,1,37.73149295128386,102.06526861594821,213.3408776038726,nll_unix_0
1052,relearn,37,6,0,39.60030605312666,50.99361693278614,111.19757423754847,nll_unix_1
1053,relearn,37,6,1,26.997630933819696,50.99361693278614,111.19757423754847,nll_unix_1
1054,relearn,37,6,0,62.82970031332958,61.084359843221414,131.37906005841901,nll_uniy_0
1055,relearn,37,6,1,37.70503830401804,61.084359843221414,131.37906005841901,nll_uniy_0
1056,relearn,37,6,0,36.568047781398654,95.25430759058779,199.71895555315174,nll_uniy_1
1057,relearn,37,6,1,37.73137489796842,95.25430759058779,199.71895555315174,nll_uniy_1
1058,relearn,37,6,0,-0.8333470334851895,36.60158256199689,87.01867568195806,nll_glc_0
1059,relearn,37,6,1,6.46591322605261,36.60158256199689,87.01867568195806,nll_glc_0
1060,relearn,37,6,2,15.479038619131254,36.60158256199689,87.01867568195806,nll_glc_0
1061,relearn,37,6,0,0.9999999314640153,51.00772493336498,115.83096042469424,nll_glc_1
1062,relearn,37,6,1,-39.24483871144063,51.00772493336498,115.83096042469424,nll_glc_1
1063,relearn,37,6,2,26.92423129927437,51.00772493336498,115.83096042469424,nll_glc_1
1064,relearn,39,2,0,48.68098225740442,122.06547370182955,253.34128777563527,nll_unix_0
1065,relearn,39,2,1,35.11093355435895,122.06547370182955,253.34128777563527,nll_unix_0
1066,relearn,39,2,0,46.58243223133113,50.20292020942041,109.61618079081701,nll_unix_1
1067,relearn,39,2,1,28.163801858571524,50.20292020942041,109.61618079081701,nll_unix_1
1068,relearn,39,2,0,50.242576487603586,85.89344880428062,180.99723798053742,nll_uniy_0
1069,relearn,39,2,1,35.111928403556426,85.89344880428062,180.99723798053742,nll_uniy_0
1070,relearn,39,2,0,46.49347554346753,85.66213913515688,180.53461864228993,nll_uniy_1
1071,relearn,39,2,1,35.10190960148924,85.66213913515688,180.53461864228993,nll_uniy_1
1072,relearn,39,2,0,-0.9505894807943881,47.229661358515116,108.2748332749945,nll_glc_0
1073,relearn,39,2,1,28.925245549538506,47.229661358515116,108.2748332749945,nll_glc_0
1074,relearn,39,2,2,22.976866677910415,47.229661358515116,108.2748332749945,nll_glc_0
1075,relearn,39,2,0,0.9999999417444261,50.21358322739181,114.24267701274789,nll_glc_1
1076,relearn,39,2,1,-46.99205381204263,50.21358322739181,114.24267701274789,nll_glc_1
1077,relearn,39,2,2,28.70287149626064,50.21358322739181,114.24267701274789,nll_glc_1
1078,relearn,39,6,0,44.26811062387208,109.09662546847103,227.40359130891824,nll_unix_0
1079,relearn,39,6,1,37.800052333311164,109.09662546847103,227.40359130891824,nll_unix_0
1080,relearn,39,6,0,46.437049469555156,56.86021022192972,122.93076081583563,nll_unix_1
1081,relearn,39,6,1,35.13992160840849,56.86021022192972,122.93076081583563,nll_unix_1
1082,relearn,39,6,0,49.14351712724634,73.07677695958803,155.36389429115223,nll_uniy_0
1083,relearn,39,6,1,37.799977058986286,73.07677695958803,155.36389429115223,nll_uniy_0
1084,relearn,39,6,0,50.443846475387076,93.57251711838751,196.3553746087512,nll_uniy_1
1085,relearn,39,6,1,37.799790680567426,93.57251711838751,196.3553746087512,nll_uniy_1
1086,relearn,39,6,0,-0.8445856081692318,45.958654296464545,105.73281915089336,nll_glc_0
1087,relearn,39,6,1,12.504484312656682,45.958654296464545,105.73281915089336,nll_glc_0
1088,relearn,39,6,2,19.05943377906608,45.958654296464545,105.73281915089336,nll_glc_0
1089,relearn,39,6,0,0.9999999464374758,56.87882928174322,127.57316912145072,nll_glc_1
1090,relearn,39,6,1,-45.57269899168603,56.87882928174322,127.57316912145072,nll_glc_1
1091,relearn,39,6,2,35.37372360029285,56.87882928174322,127.57316912145072,nll_glc_1
