date,condition,subject,trial,target_angle,su,rotation,rt,mt,ep
2025-03-27,mis_rep,1000,0,150.0,1.0,0.0,2004,12793,1.35
2025-03-27,mis_rep,1000,1,-150.0,1.0,0.0,2008,1154,1.77
2025-03-27,mis_rep,1000,2,150.0,1.0,0.0,2008,790,1.29
2025-03-27,mis_rep,1000,3,120.0,1.0,0.0,2009,812,0.91
2025-03-27,mis_rep,1000,4,120.0,1.0,0.0,2009,911,0.97
2025-03-27,mis_rep,1000,5,-90.0,1.0,0.0,2008,1055,3.07
2025-03-27,mis_rep,1000,6,-150.0,1.0,0.0,2010,538,1.73
2025-03-27,mis_rep,1000,7,-30.0,1.0,0.0,2003,631,-1.79
2025-03-27,mis_rep,1000,8,-90.0,1.0,0.0,2005,766,3.01
2025-03-27,mis_rep,1000,9,0.0,1.0,0.0,2010,590,-1.56
2025-03-27,mis_rep,1000,10,-120.0,1.0,0.0,2005,677,2.15
2025-03-27,mis_rep,1000,11,60.0,1.0,0.0,2003,814,-0.86
2025-03-27,mis_rep,1000,12,30.0,1.0,0.0,2002,745,-1.27
2025-03-27,mis_rep,1000,13,-120.0,1.0,0.0,2005,580,2.08
2025-03-27,mis_rep,1000,14,-30.0,1.0,0.0,2005,594,-1.82
2025-03-27,mis_rep,1000,15,-30.0,1.0,0.0,2006,874,-1.76
2025-03-27,mis_rep,1000,16,30.0,1.0,0.0,2007,623,-1.26
2025-03-27,mis_rep,1000,17,-120.0,1.0,0.0,2002,648,2.13
2025-03-27,mis_rep,1000,18,0.0,1.0,0.0,2002,668,-1.58
2025-03-27,mis_rep,1000,19,60.0,1.0,0.0,2009,652,-0.98
2025-03-27,mis_rep,1000,20,60.0,1.0,0.0,2002,1673,-0.99
2025-03-27,mis_rep,1000,21,-60.0,1.0,0.0,2005,601,-2.21
2025-03-27,mis_rep,1000,22,-60.0,1.0,0.0,2004,614,-2.36
2025-03-27,mis_rep,1000,23,90.0,1.0,0.0,2004,449,-0.15
2025-03-27,mis_rep,1000,24,-90.0,1.0,0.0,2010,992,2.88
2025-03-27,mis_rep,1000,25,30.0,1.0,0.0,2007,643,-1.28
2025-03-27,mis_rep,1000,26,-150.0,1.0,0.0,2010,762,1.88
2025-03-27,mis_rep,1000,27,0.0,1.0,0.0,2010,511,-1.54
2025-03-27,mis_rep,1000,28,-60.0,1.0,0.0,2011,501,-2.37
2025-03-27,mis_rep,1000,29,90.0,1.0,0.0,2001,818,0.01
2025-03-27,mis_rep,1000,30,120.0,1.0,0.0,2006,687,0.75
2025-03-27,mis_rep,1000,31,150.0,1.0,0.0,2002,662,1.12
2025-03-27,mis_rep,1000,32,90.0,1.0,0.0,2010,538,0.12
2025-03-27,mis_rep,1000,33,150.0,1.0,0.0,2004,803,1.13
2025-03-27,mis_rep,1000,34,150.0,1.0,0.0,2004,421,1.33
2025-03-27,mis_rep,1000,35,-120.0,1.0,0.0,2004,481,2.09
2025-03-27,mis_rep,1000,36,30.0,1.0,0.0,2010,591,-1.17
2025-03-27,mis_rep,1000,37,120.0,1.0,0.0,2001,489,0.92
2025-03-27,mis_rep,1000,38,-30.0,1.0,0.0,2007,585,-1.88
2025-03-27,mis_rep,1000,39,-60.0,1.0,0.0,2005,562,-2.46
2025-03-27,mis_rep,1000,40,150.0,1.0,0.0,2010,560,1.2
2025-03-27,mis_rep,1000,41,-30.0,1.0,0.0,2002,558,-1.88
2025-03-27,mis_rep,1000,42,60.0,1.0,0.0,2005,528,-0.86
2025-03-27,mis_rep,1000,43,-120.0,1.0,0.0,2005,627,2.07
2025-03-27,mis_rep,1000,44,60.0,1.0,0.0,2006,542,-0.94
2025-03-27,mis_rep,1000,45,-30.0,1.0,0.0,2005,416,-1.97
2025-03-27,mis_rep,1000,46,-30.0,1.0,0.0,2009,563,-1.82
2025-03-27,mis_rep,1000,47,-30.0,1.0,0.0,2005,516,-1.9
2025-03-27,mis_rep,1000,48,-150.0,1.0,0.0,2003,660,1.9
2025-03-27,mis_rep,1000,49,-150.0,1.0,0.0,2009,495,1.88
2025-03-27,mis_rep,1000,50,150.0,1.0,0.0,2006,577,1.27
2025-03-27,mis_rep,1000,51,0.0,1.0,0.0,2004,450,-1.66
2025-03-27,mis_rep,1000,52,90.0,1.0,0.0,2003,507,0.0
2025-03-27,mis_rep,1000,53,30.0,1.0,0.0,2006,535,-1.3
2025-03-27,mis_rep,1000,54,-120.0,1.0,0.0,2002,456,2.09
2025-03-27,mis_rep,1000,55,120.0,1.0,0.0,2006,506,0.85
2025-03-27,mis_rep,1000,56,-150.0,1.0,0.0,2003,573,1.92
2025-03-27,mis_rep,1000,57,60.0,1.0,0.0,2012,451,-0.73
2025-03-27,mis_rep,1000,58,120.0,1.0,0.0,2011,487,1.03
2025-03-27,mis_rep,1000,59,-30.0,1.0,0.0,2005,497,-1.89
2025-03-27,mis_rep,1000,60,30.0,1.0,0.0,2001,689,-1.26
2025-03-27,mis_rep,1000,61,-90.0,1.0,0.0,2006,436,2.7
2025-03-27,mis_rep,1000,62,30.0,1.0,0.0,2009,424,-1.33
2025-03-27,mis_rep,1000,63,-120.0,1.0,0.0,2003,504,2.13
2025-03-27,mis_rep,1000,64,120.0,1.0,0.0,2009,593,0.8
2025-03-27,mis_rep,1000,65,150.0,1.0,0.0,2002,509,1.29
2025-03-27,mis_rep,1000,66,90.0,1.0,0.0,2007,550,0.11
2025-03-27,mis_rep,1000,67,120.0,1.0,0.0,2006,455,0.87
2025-03-27,mis_rep,1000,68,-60.0,1.0,0.0,2010,470,-2.38
2025-03-27,mis_rep,1000,69,0.0,1.0,0.0,2004,427,-1.57
2025-03-27,mis_rep,1000,70,-60.0,1.0,0.0,2005,504,-2.44
2025-03-27,mis_rep,1000,71,-150.0,1.0,0.0,2005,455,1.91
2025-03-27,mis_rep,1000,72,-60.0,1.0,0.0,2008,562,-2.27
2025-03-27,mis_rep,1000,73,-150.0,1.0,0.0,2010,569,1.91
2025-03-27,mis_rep,1000,74,120.0,1.0,0.0,2004,506,0.78
2025-03-27,mis_rep,1000,75,30.0,1.0,0.0,2003,1230,-1.21
2025-03-27,mis_rep,1000,76,60.0,1.0,0.0,2006,489,-0.94
2025-03-27,mis_rep,1000,77,60.0,1.0,0.0,2001,411,-1.03
2025-03-27,mis_rep,1000,78,0.0,1.0,0.0,2007,434,-1.57
2025-03-27,mis_rep,1000,79,90.0,1.0,0.0,2001,490,-0.4
2025-03-27,mis_rep,1000,80,60.0,1.0,0.0,2006,538,-0.93
2025-03-27,mis_rep,1000,81,-90.0,1.0,0.0,2012,460,2.42
2025-03-27,mis_rep,1000,82,-90.0,1.0,0.0,2001,479,2.9
2025-03-27,mis_rep,1000,83,60.0,1.0,0.0,2010,600,-0.88
2025-03-27,mis_rep,1000,84,60.0,1.0,0.0,2003,639,-0.87
2025-03-27,mis_rep,1000,85,30.0,1.0,0.0,2002,361,-1.26
2025-03-27,mis_rep,1000,86,0.0,1.0,0.0,2003,419,-1.53
2025-03-27,mis_rep,1000,87,-150.0,1.0,0.0,2001,415,1.93
2025-03-27,mis_rep,1000,88,-120.0,1.0,0.0,2007,426,2.13
2025-03-27,mis_rep,1000,89,-30.0,1.0,0.0,2002,463,-1.9
2025-03-27,mis_rep,1000,90,-30.0,1.0,0.0,2004,465,-1.9
2025-03-27,mis_rep,1000,91,-120.0,1.0,0.0,2012,465,2.14
2025-03-27,mis_rep,1000,92,60.0,1.0,0.0,2002,365,-0.84
2025-03-27,mis_rep,1000,93,150.0,1.0,0.0,2005,462,1.34
2025-03-27,mis_rep,1000,94,120.0,1.0,0.0,2002,449,0.95
2025-03-27,mis_rep,1000,95,-30.0,1.0,0.0,2008,488,-1.89
2025-03-27,mis_rep,1000,96,-150.0,1.0,0.0,2001,466,1.96
2025-03-27,mis_rep,1000,97,-30.0,1.0,0.0,2001,549,-1.89
2025-03-27,mis_rep,1000,98,-120.0,1.0,0.0,2007,498,2.12
2025-03-27,mis_rep,1000,99,-150.0,1.0,0.0,2011,426,1.96
2025-03-27,mis_rep,1000,100,150.0,1.0,0.0,2005,645,1.35
2025-03-27,mis_rep,1000,101,150.0,1.0,0.0,2001,430,1.37
2025-03-27,mis_rep,1000,102,120.0,1.0,0.0,2001,424,1.04
2025-03-27,mis_rep,1000,103,120.0,1.0,0.0,2009,404,0.79
2025-03-27,mis_rep,1000,104,-120.0,1.0,0.0,2005,389,1.99
2025-03-27,mis_rep,1000,105,60.0,1.0,0.0,2011,414,-1.08
2025-03-27,mis_rep,1000,106,-150.0,1.0,0.0,2008,490,1.84
2025-03-27,mis_rep,1000,107,-120.0,1.0,0.0,2004,685,2.86
2025-03-27,mis_rep,1000,108,-120.0,1.0,0.0,2005,520,2.06
2025-03-27,mis_rep,1000,109,30.0,1.0,0.0,2011,465,-1.29
2025-03-27,mis_rep,1000,110,0.0,1.0,0.0,2006,504,-1.62
2025-03-27,mis_rep,1000,111,-30.0,1.0,0.0,2005,449,-1.82
2025-03-27,mis_rep,1000,112,-120.0,1.0,0.0,2010,611,2.18
2025-03-27,mis_rep,1000,113,90.0,1.0,0.0,2005,460,-0.2
2025-03-27,mis_rep,1000,114,-150.0,1.0,0.0,2004,455,1.91
2025-03-27,mis_rep,1000,115,-150.0,1.0,0.0,2010,410,1.97
2025-03-27,mis_rep,1000,116,30.0,1.0,0.0,2004,446,-1.3
2025-03-27,mis_rep,1000,117,-30.0,1.0,0.0,2008,519,-1.94
2025-03-27,mis_rep,1000,118,0.0,1.0,0.0,2009,485,-1.54
2025-03-27,mis_rep,1000,119,120.0,1.0,0.0,2005,766,0.91
2025-03-27,mis_rep,1000,120,-30.0,1.0,0.0,2007,446,-1.78
2025-03-27,mis_rep,1000,121,60.0,1.0,0.0,2010,543,-0.89
2025-03-27,mis_rep,1000,122,-90.0,1.0,0.0,2005,721,2.75
2025-03-27,mis_rep,1000,123,-90.0,1.0,0.0,2001,523,2.95
2025-03-27,mis_rep,1000,124,150.0,1.0,0.0,2003,628,1.23
2025-03-27,mis_rep,1000,125,120.0,1.0,0.0,2006,570,0.82
2025-03-27,mis_rep,1000,126,-60.0,1.0,0.0,2006,468,-2.17
2025-03-27,mis_rep,1000,127,30.0,1.0,0.0,2002,520,-1.22
2025-03-27,mis_rep,1000,128,150.0,1.0,0.0,2006,459,1.38
2025-03-27,mis_rep,1000,129,-30.0,1.0,0.0,2002,470,-1.92
2025-03-27,mis_rep,1000,130,-150.0,1.0,0.0,2007,397,1.91
2025-03-27,mis_rep,1000,131,-150.0,1.0,0.0,2007,350,1.92
2025-03-27,mis_rep,1000,132,150.0,1.0,0.0,2002,488,1.39
2025-03-27,mis_rep,1000,133,-30.0,1.0,0.0,2010,405,-1.9
2025-03-27,mis_rep,1000,134,-120.0,1.0,0.0,2009,393,2.25
2025-03-27,mis_rep,1000,135,90.0,1.0,0.0,2009,502,-0.08
2025-03-27,mis_rep,1000,136,150.0,1.0,0.0,2010,479,1.21
2025-03-27,mis_rep,1000,137,0.0,1.0,0.0,2001,427,-1.64
2025-03-27,mis_rep,1000,138,120.0,1.0,0.0,2009,445,0.68
2025-03-27,mis_rep,1000,139,90.0,1.0,0.0,2009,435,-0.51
2025-03-27,mis_rep,1000,140,-60.0,1.0,0.0,2002,668,-2.41
2025-03-27,mis_rep,1000,141,60.0,1.0,0.0,2009,413,-0.86
2025-03-27,mis_rep,1000,142,-120.0,1.0,0.0,2001,445,2.1
2025-03-27,mis_rep,1000,143,0.0,1.0,0.0,2008,553,-1.59
2025-03-27,mis_rep,1000,144,120.0,1.0,0.0,2004,479,0.83
2025-03-27,mis_rep,1000,145,0.0,1.0,0.0,2005,460,-1.57
2025-03-27,mis_rep,1000,146,30.0,1.0,0.0,2001,507,-1.29
2025-03-27,mis_rep,1000,147,-90.0,1.0,0.0,2007,444,2.69
2025-03-27,mis_rep,1000,148,30.0,1.0,0.0,2010,398,-1.25
2025-03-27,mis_rep,1000,149,90.0,1.0,0.0,2010,510,-0.53
2025-03-27,mis_rep,1000,150,90.0,1.0,0.0,2007,562,-0.4
2025-03-27,mis_rep,1000,151,-30.0,1.0,0.0,2009,586,-1.88
2025-03-27,mis_rep,1000,152,-120.0,1.0,0.0,2003,502,2.06
2025-03-27,mis_rep,1000,153,90.0,1.0,0.0,2005,495,-0.07
2025-03-27,mis_rep,1000,154,0.0,1.0,0.0,2007,409,-1.56
2025-03-27,mis_rep,1000,155,90.0,1.0,0.0,2002,424,-0.37
2025-03-27,mis_rep,1000,156,-150.0,1.0,0.0,2008,616,1.88
2025-03-27,mis_rep,1000,157,-90.0,1.0,0.0,2001,700,-3.12
2025-03-27,mis_rep,1000,158,90.0,1.0,0.0,2003,445,-0.38
2025-03-27,mis_rep,1000,159,120.0,1.0,0.0,2007,593,0.51
2025-03-27,mis_rep,1000,160,-60.0,1.0,0.0,2008,465,-2.45
2025-03-27,mis_rep,1000,161,-60.0,1.0,0.0,2009,516,-2.27
2025-03-27,mis_rep,1000,162,-90.0,1.0,0.0,2010,840,2.7
2025-03-27,mis_rep,1000,163,-90.0,1.0,0.0,2010,569,2.79
2025-03-27,mis_rep,1000,164,60.0,1.0,0.0,2010,695,-0.65
2025-03-27,mis_rep,1000,165,150.0,1.0,0.0,2010,610,1.19
2025-03-27,mis_rep,1000,166,150.0,1.0,0.0,2003,577,1.19
2025-03-27,mis_rep,1000,167,-90.0,1.0,0.0,2003,622,3.14
2025-03-27,mis_rep,1000,168,-120.0,1.0,0.0,2006,520,2.15
2025-03-27,mis_rep,1000,169,-150.0,1.0,0.0,2002,486,1.86
2025-03-27,mis_rep,1000,170,0.0,1.0,0.0,2008,515,-1.59
2025-03-27,mis_rep,1000,171,-90.0,1.0,0.0,2003,578,3.01
2025-03-27,mis_rep,1000,172,150.0,1.0,0.0,2004,566,1.34
2025-03-27,mis_rep,1000,173,60.0,1.0,0.0,2010,571,-0.85
2025-03-27,mis_rep,1000,174,90.0,1.0,0.0,2009,573,-0.53
2025-03-27,mis_rep,1000,175,-60.0,1.0,0.0,2002,533,-2.51
2025-03-27,mis_rep,1000,176,90.0,1.0,0.0,2008,437,0.59
2025-03-27,mis_rep,1000,177,-60.0,1.0,0.0,2008,573,-2.24
2025-03-27,mis_rep,1000,178,-120.0,1.0,0.0,2008,564,2.08
2025-03-27,mis_rep,1000,179,0.0,1.0,0.0,2006,671,-1.55
2025-03-27,mis_rep,1000,180,-60.0,1.0,0.0,2004,526,-2.38
2025-03-27,mis_rep,1000,181,90.0,1.0,0.0,2008,532,0.32
2025-03-27,mis_rep,1000,182,-150.0,1.0,0.0,2009,498,1.96
2025-03-27,mis_rep,1000,183,30.0,1.0,0.0,2004,517,-1.26
2025-03-27,mis_rep,1000,184,120.0,1.0,0.0,2001,550,0.97
2025-03-27,mis_rep,1000,185,90.0,1.0,0.0,2006,428,-0.23
2025-03-27,mis_rep,1000,186,150.0,1.0,0.0,2005,1366,1.27
2025-03-27,mis_rep,1000,187,120.0,1.0,0.0,2010,576,0.89
2025-03-27,mis_rep,1000,188,30.0,1.0,0.0,2009,551,-1.2
2025-03-27,mis_rep,1000,189,120.0,1.0,0.0,2010,393,1.03
2025-03-27,mis_rep,1000,190,-60.0,1.0,0.0,2003,707,-2.29
2025-03-27,mis_rep,1000,191,60.0,1.0,0.0,2001,424,-0.74
2025-03-27,mis_rep,1000,192,-90.0,1.0,0.0,2003,706,-3.12
2025-03-27,mis_rep,1000,193,60.0,1.0,0.0,2003,423,-0.75
2025-03-27,mis_rep,1000,194,150.0,1.0,0.0,2005,452,1.28
2025-03-27,mis_rep,1000,195,0.0,1.0,0.0,2006,487,-1.51
2025-03-27,mis_rep,1000,196,-90.0,1.0,0.0,2006,497,2.94
2025-03-27,mis_rep,1000,197,90.0,1.0,0.0,2003,449,0.19
2025-03-27,mis_rep,1000,198,-120.0,1.0,0.0,2003,490,2.13
2025-03-27,mis_rep,1000,199,30.0,1.0,0.0,2003,627,-1.22
2025-03-27,mis_rep,1000,200,-90.0,1.0,0.0,2002,496,3.13
2025-03-27,mis_rep,1000,201,-60.0,1.0,0.0,2005,534,-2.25
2025-03-27,mis_rep,1000,202,0.0,1.0,0.0,2001,392,-1.58
2025-03-27,mis_rep,1000,203,90.0,1.0,0.0,2003,485,-0.08
2025-03-27,mis_rep,1000,204,-30.0,1.0,0.0,2008,490,-1.92
2025-03-27,mis_rep,1000,205,0.0,1.0,0.0,2008,400,-1.62
2025-03-27,mis_rep,1000,206,-60.0,1.0,0.0,2009,536,-2.3
2025-03-27,mis_rep,1000,207,90.0,1.0,0.0,2009,487,0.31
2025-03-27,mis_rep,1000,208,60.0,1.0,0.0,2012,503,-0.86
2025-03-27,mis_rep,1000,209,-90.0,1.0,0.0,2008,477,2.95
2025-03-27,mis_rep,1000,210,-90.0,1.0,0.0,2002,644,3.06
2025-03-27,mis_rep,1000,211,-90.0,1.0,0.0,2003,613,3.01
2025-03-27,mis_rep,1000,212,-60.0,1.0,0.0,2007,541,-2.33
2025-03-27,mis_rep,1000,213,120.0,1.0,0.0,2001,592,0.98
2025-03-27,mis_rep,1000,214,30.0,1.0,0.0,2010,396,-1.27
2025-03-27,mis_rep,1000,215,30.0,1.0,0.0,2005,476,-1.24
2025-03-27,mis_rep,1000,216,0.0,1.0,0.0,2009,413,-1.55
2025-03-27,mis_rep,1000,217,150.0,1.0,0.0,2007,502,1.05
2025-03-27,mis_rep,1000,218,-60.0,1.0,0.0,2009,739,-2.27
2025-03-27,mis_rep,1000,219,0.0,1.0,0.0,2007,533,-1.53
2025-03-27,mis_rep,1000,220,-60.0,1.0,0.0,2010,656,-2.58
2025-03-27,mis_rep,1000,221,-120.0,1.0,0.0,2006,660,2.3
2025-03-27,mis_rep,1000,222,30.0,1.0,0.0,2008,457,-1.21
2025-03-27,mis_rep,1000,223,-60.0,1.0,0.0,2009,492,-2.18
2025-03-27,mis_rep,1000,224,-150.0,1.0,0.0,2010,507,1.99
2025-03-27,mis_rep,1000,225,-150.0,1.0,0.0,2010,506,1.95
2025-03-27,mis_rep,1000,226,60.0,1.0,0.0,2004,505,-0.86
2025-03-27,mis_rep,1000,227,30.0,1.0,0.0,2011,517,-1.22
2025-03-27,mis_rep,1000,228,-30.0,1.0,0.0,2007,471,-1.87
2025-03-27,mis_rep,1000,229,0.0,1.0,0.0,2007,443,-1.54
2025-03-27,mis_rep,1000,230,-90.0,1.0,0.0,2001,642,-3.13
2025-03-27,mis_rep,1000,231,0.0,1.0,0.52,2013,457,-2.14
2025-03-27,mis_rep,1000,232,0.0,1.0,0.52,2001,474,-1.54
2025-03-27,mis_rep,1000,233,0.0,1.0,0.52,2002,556,-2.09
2025-03-27,mis_rep,1000,234,0.0,1.0,0.52,2005,562,-1.31
2025-03-27,mis_rep,1000,235,0.0,1.0,0.52,2008,633,-1.82
2025-03-27,mis_rep,1000,236,0.0,1.0,0.52,2008,548,-1.3
2025-03-27,mis_rep,1000,237,0.0,1.0,0.52,2009,505,-0.88
2025-03-27,mis_rep,1000,238,0.0,1.0,0.52,2011,534,-1.42
2025-03-27,mis_rep,1000,239,0.0,1.0,0.52,2007,354,-1.24
2025-03-27,mis_rep,1000,240,0.0,1.0,0.52,2005,343,-1.02
2025-03-27,mis_rep,1000,241,0.0,1.0,0.52,2005,517,-1.2
2025-03-27,mis_rep,1000,242,0.0,1.0,0.52,2004,423,-0.96
2025-03-27,mis_rep,1000,243,0.0,1.0,0.52,2007,467,-0.95
2025-03-27,mis_rep,1000,244,0.0,1.0,0.52,2009,443,-1.26
2025-03-27,mis_rep,1000,245,0.0,1.0,0.52,2007,457,-0.8
2025-03-27,mis_rep,1000,246,0.0,1.0,0.52,2002,384,-1.34
2025-03-27,mis_rep,1000,247,0.0,1.0,0.52,2004,506,-0.94
2025-03-27,mis_rep,1000,248,0.0,1.0,0.52,2011,464,-1.19
2025-03-27,mis_rep,1000,249,0.0,1.0,0.52,2004,390,-0.65
2025-03-27,mis_rep,1000,250,0.0,1.0,0.52,2002,601,-1.23
2025-03-27,mis_rep,1000,251,0.0,1.0,0.52,2009,447,-1.33
2025-03-27,mis_rep,1000,252,0.0,1.0,0.52,2003,513,-2.01
2025-03-27,mis_rep,1000,253,0.0,1.0,0.52,2002,554,-0.56
2025-03-27,mis_rep,1000,254,0.0,1.0,0.52,2003,550,-1.02
2025-03-27,mis_rep,1000,255,0.0,1.0,0.52,2008,554,-0.84
2025-03-27,mis_rep,1000,256,0.0,1.0,0.52,2005,412,-1.51
2025-03-27,mis_rep,1000,257,0.0,1.0,0.52,2010,560,-0.91
2025-03-27,mis_rep,1000,258,0.0,1.0,0.52,2002,353,-1.22
2025-03-27,mis_rep,1000,259,0.0,1.0,0.52,2008,350,-1.25
2025-03-27,mis_rep,1000,260,0.0,1.0,0.52,2011,423,-1.04
2025-03-27,mis_rep,1000,261,0.0,1.0,0.52,2011,464,-1.15
2025-03-27,mis_rep,1000,262,0.0,1.0,0.52,2005,600,-1.13
2025-03-27,mis_rep,1000,263,0.0,1.0,0.52,2008,554,-1.09
2025-03-27,mis_rep,1000,264,0.0,1.0,0.52,2001,497,-1.26
2025-03-27,mis_rep,1000,265,0.0,1.0,0.52,2008,500,-1.09
2025-03-27,mis_rep,1000,266,0.0,1.0,0.52,2009,332,-0.96
2025-03-27,mis_rep,1000,267,0.0,1.0,0.52,2002,959,-1.02
2025-03-27,mis_rep,1000,268,0.0,1.0,0.52,2009,540,-2.13
2025-03-27,mis_rep,1000,269,0.0,1.0,0.52,2009,593,-1.91
2025-03-27,mis_rep,1000,270,0.0,1.0,0.52,2005,410,-0.46
2025-03-27,mis_rep,1000,271,0.0,1.0,0.52,2003,475,-1.63
2025-03-27,mis_rep,1000,272,0.0,1.0,0.52,2004,744,-0.8
2025-03-27,mis_rep,1000,273,0.0,1.0,0.52,2009,550,-1.78
2025-03-27,mis_rep,1000,274,0.0,1.0,0.52,2010,461,-1.44
2025-03-27,mis_rep,1000,275,0.0,1.0,0.52,2001,396,-1.11
2025-03-27,mis_rep,1000,276,0.0,1.0,0.52,2001,446,-0.92
2025-03-27,mis_rep,1000,277,0.0,1.0,0.52,2006,463,-1.39
2025-03-27,mis_rep,1000,278,0.0,1.0,0.52,2008,342,-1.34
2025-03-27,mis_rep,1000,279,0.0,1.0,0.52,2009,376,-1.58
2025-03-27,mis_rep,1000,280,0.0,1.0,0.52,2004,458,-1.18
2025-03-27,mis_rep,1000,281,0.0,1.0,0.52,2002,394,-1.08
2025-03-27,mis_rep,1000,282,0.0,1.0,0.52,2005,411,-1.27
2025-03-27,mis_rep,1000,283,0.0,1.0,0.52,2008,1153,-2.02
2025-03-27,mis_rep,1000,284,0.0,1.0,0.52,2004,404,-1.21
2025-03-27,mis_rep,1000,285,0.0,1.0,0.52,2006,376,-0.98
2025-03-27,mis_rep,1000,286,0.0,1.0,0.52,2008,394,-1.13
2025-03-27,mis_rep,1000,287,0.0,1.0,0.52,2004,447,-1.06
2025-03-27,mis_rep,1000,288,0.0,1.0,0.52,2001,386,-1.09
2025-03-27,mis_rep,1000,289,0.0,1.0,0.52,2009,387,-1.07
2025-03-27,mis_rep,1000,290,0.0,1.0,0.52,2010,382,-1.06
2025-03-27,mis_rep,1000,291,0.0,1.0,0.52,2008,392,-1.16
2025-03-27,mis_rep,1000,292,0.0,1.0,0.52,2003,383,-1.14
2025-03-27,mis_rep,1000,293,0.0,1.0,0.52,2003,380,-1.03
2025-03-27,mis_rep,1000,294,0.0,1.0,0.52,2011,276,-1.09
2025-03-27,mis_rep,1000,295,0.0,1.0,0.52,2009,324,-1.06
2025-03-27,mis_rep,1000,296,0.0,1.0,0.52,2001,385,-1.12
2025-03-27,mis_rep,1000,297,0.0,1.0,0.52,2006,405,-1.05
2025-03-27,mis_rep,1000,298,0.0,1.0,0.52,2007,549,-2.1
2025-03-27,mis_rep,1000,299,0.0,1.0,0.52,2007,431,-1.44
2025-03-27,mis_rep,1000,300,0.0,1.0,0.52,2009,360,-1.35
2025-03-27,mis_rep,1000,301,0.0,1.0,0.52,2005,377,-0.8
2025-03-27,mis_rep,1000,302,0.0,1.0,0.52,2010,518,-1.33
2025-03-27,mis_rep,1000,303,0.0,1.0,0.52,2003,387,-1.06
2025-03-27,mis_rep,1000,304,0.0,1.0,0.52,2007,407,-1.18
2025-03-27,mis_rep,1000,305,0.0,1.0,0.52,2007,460,-0.93
2025-03-27,mis_rep,1000,306,0.0,1.0,0.52,2003,703,-1.33
2025-03-27,mis_rep,1000,307,0.0,1.0,0.52,2002,394,-1.1
2025-03-27,mis_rep,1000,308,0.0,1.0,0.52,2010,422,-1.24
2025-03-27,mis_rep,1000,309,0.0,1.0,0.52,2006,363,-1.17
2025-03-27,mis_rep,1000,310,0.0,1.0,0.52,2008,441,-1.03
2025-03-27,mis_rep,1000,311,0.0,1.0,0.52,2004,675,-1.07
2025-03-27,mis_rep,1000,312,0.0,1.0,0.52,2002,604,-1.73
2025-03-27,mis_rep,1000,313,0.0,1.0,0.52,2008,541,-1.38
2025-03-27,mis_rep,1000,314,0.0,1.0,0.52,2008,1016,-1.32
2025-03-27,mis_rep,1000,315,0.0,1.0,0.52,2005,566,-1.34
2025-03-27,mis_rep,1000,316,0.0,1.0,0.52,2009,566,-1.3
2025-03-27,mis_rep,1000,317,0.0,1.0,0.52,2010,1009,-1.11
2025-03-27,mis_rep,1000,318,0.0,1.0,0.52,2004,536,-1.26
2025-03-27,mis_rep,1000,319,0.0,1.0,0.52,2005,642,-1.14
2025-03-27,mis_rep,1000,320,0.0,1.0,0.52,2008,626,-1.24
2025-03-27,mis_rep,1000,321,0.0,1.0,0.52,2006,569,-1.13
2025-03-27,mis_rep,1000,322,0.0,1.0,0.52,2004,414,-1.29
2025-03-27,mis_rep,1000,323,0.0,1.0,0.52,2006,379,-1.29
2025-03-27,mis_rep,1000,324,0.0,1.0,0.52,2001,413,-1.27
2025-03-27,mis_rep,1000,325,0.0,1.0,0.52,2002,481,-1.24
2025-03-27,mis_rep,1000,326,0.0,1.0,0.52,2003,587,-1.34
2025-03-27,mis_rep,1000,327,0.0,1.0,0.52,2008,498,-1.41
2025-03-27,mis_rep,1000,328,0.0,1.0,0.52,2009,562,-1.24
2025-03-27,mis_rep,1000,329,0.0,1.0,0.52,2003,468,-1.08
2025-03-27,mis_rep,1000,330,0.0,1.0,0.52,2007,530,-1.19
2025-03-27,mis_rep,1000,331,0.0,1.0,0.52,2009,414,-1.15
2025-03-27,mis_rep,1000,332,0.0,1.0,0.52,2008,336,-1.16
2025-03-27,mis_rep,1000,333,0.0,1.0,0.52,2007,528,-1.21
2025-03-27,mis_rep,1000,334,0.0,1.0,0.52,2009,920,-0.98
2025-03-27,mis_rep,1000,335,0.0,1.0,0.52,2009,515,-1.15
2025-03-27,mis_rep,1000,336,0.0,1.0,0.52,2002,430,-1.08
2025-03-27,mis_rep,1000,337,0.0,1.0,0.52,2001,569,-1.16
2025-03-27,mis_rep,1000,338,0.0,1.0,0.52,2003,555,-0.91
2025-03-27,mis_rep,1000,339,0.0,1.0,0.52,2004,515,-0.89
2025-03-27,mis_rep,1000,340,0.0,1.0,0.52,2002,406,-1.49
2025-03-27,mis_rep,1000,341,-90.0,1.0,0.52,2001,1126,2.23
2025-03-27,mis_rep,1000,342,90.0,1.0,0.52,2001,419,-0.65
2025-03-27,mis_rep,1000,343,150.0,1.0,0.52,2009,707,0.72
2025-03-27,mis_rep,1000,344,-30.0,1.0,0.52,2007,819,-2.52
2025-03-27,mis_rep,1000,345,-150.0,1.0,0.52,2010,916,1.48
2025-03-27,mis_rep,1000,346,120.0,1.0,0.52,2002,448,0.38
2025-03-27,mis_rep,1000,347,60.0,1.0,0.52,2001,490,-1.37
2025-03-27,mis_rep,1000,348,30.0,1.0,0.52,2009,465,-1.64
2025-03-27,mis_rep,1000,349,-60.0,1.0,0.52,2009,784,-2.79
2025-03-27,mis_rep,1000,350,0.0,1.0,0.52,2007,601,-2.07
2025-03-27,mis_rep,1000,351,-120.0,1.0,0.52,2006,954,2.59
2025-03-27,mis_rep,1000,352,90.0,1.0,0.52,2003,489,0.06
2025-03-27,mis_rep,1000,353,-90.0,1.0,0.52,2011,505,2.38
2025-03-27,mis_rep,1000,354,150.0,1.0,0.52,2006,570,0.8
2025-03-27,mis_rep,1000,355,30.0,1.0,0.52,2003,424,-1.56
2025-03-27,mis_rep,1000,356,60.0,1.0,0.52,2003,444,-1.32
2025-03-27,mis_rep,1000,357,-150.0,1.0,0.52,2007,461,1.47
2025-03-27,mis_rep,1000,358,-120.0,1.0,0.52,2009,465,1.75
2025-03-27,mis_rep,1000,359,-60.0,1.0,0.52,2002,466,-2.75
2025-03-27,mis_rep,1000,360,120.0,1.0,0.52,2007,516,0.54
2025-03-27,mis_rep,1000,361,0.0,1.0,0.52,2003,607,-1.94
2025-03-27,mis_rep,1000,362,-30.0,1.0,0.52,2002,473,-1.57
2025-03-27,mis_rep,1000,363,60.0,1.0,0.52,2006,482,-1.33
2025-03-27,mis_rep,1000,364,-150.0,1.0,0.52,2011,544,1.47
2025-03-27,mis_rep,1000,365,90.0,1.0,0.52,2010,462,-1.0
2025-03-27,mis_rep,1000,366,-60.0,1.0,0.52,2003,555,-3.04
2025-03-27,mis_rep,1000,367,30.0,1.0,0.52,2002,475,-1.64
2025-03-27,mis_rep,1000,368,0.0,1.0,0.52,2007,502,-2.03
2025-03-27,mis_rep,1000,369,-90.0,1.0,0.52,2005,1017,2.56
2025-03-27,mis_rep,1000,370,150.0,1.0,0.52,2008,559,0.68
2025-03-27,mis_rep,1000,371,120.0,1.0,0.52,2004,625,0.2
2025-03-27,mis_rep,1000,372,-120.0,1.0,0.52,2009,571,1.6
2025-03-27,mis_rep,1000,373,-30.0,1.0,0.52,2010,547,-2.27
2025-03-27,mis_rep,1000,374,30.0,1.0,0.52,2008,569,-1.66
2025-03-27,mis_rep,1000,375,-60.0,1.0,0.52,2003,812,-2.83
2025-03-27,mis_rep,1000,376,120.0,1.0,0.52,2008,797,0.26
2025-03-27,mis_rep,1000,377,60.0,1.0,0.52,2001,434,-1.48
2025-03-27,mis_rep,1000,378,-30.0,1.0,0.52,2001,489,-2.23
2025-03-27,mis_rep,1000,379,-150.0,1.0,0.52,2007,462,1.43
2025-03-27,mis_rep,1000,380,-90.0,1.0,0.52,2004,553,2.81
2025-03-27,mis_rep,1000,381,90.0,1.0,0.52,2004,540,-0.52
2025-03-27,mis_rep,1000,382,-120.0,1.0,0.52,2003,502,1.59
2025-03-27,mis_rep,1000,383,150.0,1.0,0.52,2007,526,0.74
2025-03-27,mis_rep,1000,384,0.0,1.0,0.52,2004,562,-1.99
2025-03-27,mis_rep,1000,385,0.0,1.0,0.52,2005,518,-1.57
2025-03-27,mis_rep,1000,386,150.0,1.0,0.52,2001,607,0.7
2025-03-27,mis_rep,1000,387,60.0,1.0,0.52,2008,541,-1.38
2025-03-27,mis_rep,1000,388,-30.0,1.0,0.52,2002,583,-2.33
2025-03-27,mis_rep,1000,389,120.0,1.0,0.52,2005,578,0.45
2025-03-27,mis_rep,1000,390,30.0,1.0,0.52,2003,643,-1.75
2025-03-27,mis_rep,1000,391,-120.0,1.0,0.52,2007,571,1.82
2025-03-27,mis_rep,1000,392,-150.0,1.0,0.52,2002,493,1.45
2025-03-27,mis_rep,1000,393,90.0,1.0,0.52,2005,489,-0.97
2025-03-27,mis_rep,1000,394,-90.0,1.0,0.52,2010,533,2.4
2025-03-27,mis_rep,1000,395,-60.0,1.0,0.52,2008,601,-2.83
2025-03-27,mis_rep,1000,396,-90.0,1.0,0.52,2010,589,2.6
2025-03-27,mis_rep,1000,397,90.0,1.0,0.52,2009,604,-0.37
2025-03-27,mis_rep,1000,398,30.0,1.0,0.52,2002,507,-1.71
2025-03-27,mis_rep,1000,399,0.0,1.0,0.52,2006,486,-2.06
2025-03-27,mis_rep,1000,400,-120.0,1.0,0.52,2003,766,-2.93
2025-03-27,mis_rep,1000,401,-30.0,1.0,0.52,2003,628,-2.38
2025-03-27,mis_rep,1000,402,60.0,1.0,0.52,2003,435,-1.18
2025-03-27,mis_rep,1000,403,-150.0,1.0,0.52,2002,659,1.48
2025-03-27,mis_rep,1000,404,-60.0,1.0,0.52,2010,477,-2.87
2025-03-27,mis_rep,1000,405,150.0,1.0,0.52,2001,460,0.78
2025-03-27,mis_rep,1000,406,120.0,1.0,0.52,2005,522,0.45
